Images,Text
P4520.jpg,flamex
P1935.jpg,Delfmz
P1771.jpg,Feufiv
P3509.jpg,Omeprazole
P2125.jpg,N-Itepa
P1944.jpg,Maxirra
P2586.jpg,Rolac
P1562.jpg,Maxrin D
P1488.jpg,Dexter
P1505.jpg,Dexter
P5486.jpg,nexe
P5053.jpg,alafix
P0584.jpg,Diaryl
P5484.jpg,hpr ds
P4910.jpg,windel plus
P1281.jpg,Zymet Pro
P4647.jpg,high
P4200.jpg,Ceevit
P0040.jpg,Domin
P3529.jpg,Tablet
P5281.jpg,nexe mups
P0601.jpg,Amlocal
P1482.jpg,Salost
P2491.jpg,Frenxit
P5068.jpg,nexe
P4338.jpg,Metronidazole
P2902.jpg,Montene
P3990.jpg,Monas
P1711.jpg,Clacef
P2755.jpg,Tory
P1233.jpg,ribojovef
P3397.jpg,Fatisol
P1997.jpg,Estes
P4849.jpg,Cefuroxime
P0412.jpg,Nebanol
P1837.jpg,Estes
P4353.jpg,Voltalin
P3170.jpg,Ketorolac
P1420.jpg,Vonocab
P5290.jpg,temo
P1220.jpg,Delfraf
P3898.jpg,Tablet
P0541.jpg,Texit
P4793.jpg,clindacin
P5363.jpg,ratinol
P3921.jpg,Ceftriaxone
P1738.jpg,TPC
P2959.jpg,Microcef
P1075.jpg,Calboral
P5407.jpg,relentus
P3142.jpg,Biltin
P2481.jpg,Doxicap
P0989.jpg,Bartrocin
P5364.jpg,filmet
P2611.jpg,Merven-SR
P4948.jpg,emistat
P0820.jpg,Neuro
P3516.jpg,Capsule
P5507.jpg,denvar
P2829.jpg,Clofenal
P1208.jpg,Eslilex
P5152.jpg,k2cal
P1903.jpg,vigfimef
P5142.jpg,metro
P2239.jpg,Calbo-D
P5467.jpg,febustat
P5038.jpg,nexe
P0814.jpg,Microgest
P1524.jpg,Calboral D
P0492.jpg,ucrafate
P1459.jpg,Nafro A plm
P1850.jpg,Don A
P2797.jpg,Duracef
P1727.jpg,Dexter
P3393.jpg,Entecavir
P5501.jpg,alafix
P2038.jpg,Nexum
P4114.jpg,Thyrox
P1166.jpg,vigfimet
P0763.jpg,Neuro
P2161.jpg,meur
P4602.jpg,diet
P4445.jpg,Tablet
P2141.jpg,Nexum-mups
P1048.jpg,neuroxen
P2374.jpg,Clavutil
P2126.jpg,Clavutil
P4726.jpg,p/c
P3273.jpg,Ceevit
P2454.jpg,Roseton
P3195.jpg,Alcet
P1052.jpg,Escilex
P2039.jpg,vorirox
P1512.jpg,m-lucas 10
P2217.jpg,Derolon
P0854.jpg,Calboral
P2483.jpg,Bron Gel
P1901.jpg,Bisoren
P2593.jpg,Don-A
P4496.jpg,actrapid
P5446.jpg,lactomore
P3929.jpg,Fexo
P1311.jpg,cap. Folzin
P4838.jpg,omep
P4862.jpg,xinc b
P4458.jpg,Injection
P1701.jpg,Allcaron
P3977.jpg,Dexa
P1098.jpg,Dexter
P2030.jpg,vigfimef
P3641.jpg,CBC
P0369.jpg,Nexpro
P4434.jpg,Normal
P1023.jpg,Dexter
P5577.jpg,nexe
P0764.jpg,Napa
P2750.jpg,Nexe
P0640.jpg,Dexter
P0502.jpg,Lactu
P5456.jpg,calboral
P3721.jpg,Injection
P5568.jpg,ponsal
P0544.jpg,Seko
P0897.jpg,Algin
P4667.jpg,supp
P0146.jpg,Tuspel
P4039.jpg,Fexofast
P5057.jpg,vasco
P2301.jpg,Lerozol
P3909.jpg,Omep
P3887.jpg,Histal
P0344.jpg,Montelon
P4080.jpg,Fexofenadinee
P2607.jpg,Merincal-D
P1343.jpg,Algin
P2250.jpg,Neuro-B
P3848.jpg,Monas
P2773.jpg,Nexe
P5544.jpg,purisal
P1820.jpg,Doxoven
P5541.jpg,omidon
P1431.jpg,Biscor 5
P5421.jpg,afix
P5118.jpg,nexe
P3734.jpg,Drop
P0107.jpg,Duloxen
P0505.jpg,Nexpro
P1896.jpg,Feropen
P0927.jpg,Algin
P1605.jpg,Napa Rapid
P2362.jpg,Voltalin
P4441.jpg,Montelukast
P3151.jpg,Maxima
P2886.jpg,Desolon
P2169.jpg,BRON GVEL
P2736.jpg,Voltalin -D
P4896.jpg,omep
P2940.jpg,Cef-3
P3860.jpg,Syrup
P3395.jpg,Nutridex
P3210.jpg,Voltalin
P2669.jpg,Duracef
P1922.jpg,Qtof
P3091.jpg,Calcor-D
P0387.jpg,Napxon
P0611.jpg,Vorinox
P2254.jpg,Calcor-D
P2906.jpg,Calbo-D
P2211.jpg,Esprozo
P0498.jpg,Napa
P1893.jpg,Neuroxen
P1567.jpg,Doxoven
P1661.jpg,zimax
P5247.jpg,roclav
P1186.jpg,Arlila
P4018.jpg,Tablet
P1872.jpg,Ansilou
P3892.jpg,Tablet
P3545.jpg,Diet
P2063.jpg,Hepeximin
P0176.jpg,Rifagut
P4826.jpg,nalbun-1
P5510.jpg,filmet
P2678.jpg,Rivotril
P1165.jpg,Wiflex
P0374.jpg,Apeclo
P0710.jpg,vigorex
P0591.jpg,Fixgut
P0411.jpg,Apeclo
P1189.jpg,Aislof max
P4559.jpg,cap
P4269.jpg,Fixal
P3803.jpg,Meropen 
P2699.jpg,Don-A
P2212.jpg,Algin
P3466.jpg,Capsule
P5230.jpg,diet
P0053.jpg,Paloxi
P0887.jpg,Naprox
P1143.jpg,Emlidus
P1132.jpg,Neemoxew
P3759.jpg,Avolac
P2573.jpg,LBP following
P5417.jpg,ceevit
P4822.jpg,libott
P1745.jpg,Neuroxen
P1008.jpg,prolix
P3835.jpg,Avolac
P2463.jpg,Febusful
P0736.jpg,Dexter
P5476.jpg,norium
P2804.jpg,Lacfu
P1581.jpg,menoril
P5444.jpg,fixgut
P4081.jpg,Tablet
P4727.jpg,ceevit
P5276.jpg,furonaaf
P1875.jpg,Zollium  
P3377.jpg,Algin
P0536.jpg,Seko
P3650.jpg,Ceftriaxone
P2636.jpg,Nexe
P3422.jpg,Actrapid
P1663.jpg,Dexlor
P2762.jpg,Coralex DX
P0095.jpg,Radifil
P0206.jpg,Ecosprin Plus
P1438.jpg,Tab. Maxpro
P4181.jpg,Glarine
P4631.jpg,clexane
P0617.jpg,Estes 300
P4141.jpg,Normal
P4733.jpg,solupred
P4380.jpg,Antazol
P3508.jpg,Rolac
P2162.jpg,Tryptin
P3348.jpg,Omeprazole
P3979.jpg,Histacin
P3824.jpg,Injection
P4622.jpg,diet
P2434.jpg,Etorix
P2049.jpg,Dexter
P3500.jpg,Napa
P4506.jpg,lindac
P3451.jpg,Tablet
P4005.jpg,Famolack
P0493.jpg,Gavinaaf
P2744.jpg,Napronex
P0567.jpg,Lyric
P3104.jpg,Telecordip plus
P3437.jpg,Napa
P3932.jpg,Torex
P0237.jpg,Ancor 5
P1576.jpg,Biscor
P1006.jpg,gaviflux
P4178.jpg,Alcet
P4332.jpg,Ketorolac
P5336.jpg,nexe mups
P0720.jpg,Neuroxen
P2136.jpg,Nenvopex
P1124.jpg,Dominos
P0908.jpg,epitra
P4956.jpg,supp
P4386.jpg,Omeprazole
P0612.jpg,Xyril
P3925.jpg,Voltalin
P0113.jpg,Avloclav
P0811.jpg,Neuro
P5399.jpg,maxdol
P1410.jpg,relenten
P5209.jpg,nalbun 2
P4934.jpg,ceftriaxone
P0622.jpg,M-Kast
P3911.jpg,Ace
P4374.jpg,Tablet
P1690.jpg,Calboral Dx
P0785.jpg,Amlip
P3760.jpg,Syrup
P5414.jpg,emep
P3624.jpg,Follison
P5454.jpg,omidon
P4739.jpg,cabretol cr
P4321.jpg,Tablet
P4268.jpg,Tablet
P5139.jpg,rolac
P4107.jpg,Capsule
P0052.jpg,Losectil
P0260.jpg,clavutil
P1067.jpg,zithrox
P1110.jpg,maxrin
P3477.jpg,Injection
P3238.jpg,Meropenem
P3725.jpg,Diet
P3000.jpg,Neuro-B
P2044.jpg,Biscor max
P2720.jpg,Furocef
P1194.jpg,fevaliv
P4378.jpg,Histacin
P5089.jpg,amilin
P1839.jpg,Gintex
P0217.jpg,Methomol
P4539.jpg,merocil
P2010.jpg,m-lucas
P4674.jpg,o2 inhalation
P3978.jpg,Syrup
P5265.jpg,clonapex
P0408.jpg,Raditil
P3525.jpg,Capsule
P0128.jpg,Rupa
P3630.jpg,Diet
P3856.jpg,Amikacin
P5071.jpg,napa one
P4710.jpg,histacin
P3066.jpg,Fenix-V
P3913.jpg,Tablet
P3490.jpg,Meropen
P3050.jpg,Esprazo
P2910.jpg,Allyglot
P3054.jpg,Don-A
P3749.jpg,Normal
P1270.jpg,Nafro A plm
P3524.jpg,Omeprazole
P5419.jpg,clonapex
P5453.jpg,torax
P1889.jpg,Cefotil Plus
P3700.jpg,Rifagut
P0193.jpg,Nexum Mups 20
P0072.jpg,Traxyl
P2168.jpg,BRON WASFI
P2561.jpg,Vergon
P1096.jpg,Napa
P4717.jpg,diet
P3964.jpg,Ketorolac
P1677.jpg,Algin
P4153.jpg,Maxima
P4975.jpg,renova
P2502.jpg,Defalin
P4731.jpg,trum-3
P0698.jpg,m-lucas 10
P3579.jpg,Napa
P0318.jpg,Bilaxe
P2465.jpg,Nexum Mups
P0209.jpg,Limtab
P3295.jpg,Voltalin
P3840.jpg,Calbo D
P2583.jpg,Rolac
P0614.jpg,Bilan
P5021.jpg,Neuroxen
P0440.jpg,Telmidip
P1557.jpg,Rosu 10
P2265.jpg,Nexum
P2410.jpg,Nexe
P0784.jpg,Neuro
P4035.jpg,Napa
P0914.jpg,Gestrenol
P2077.jpg,Delfrnz
P5171.jpg,monfast
P0629.jpg,Bilan
P4509.jpg,tab
P2857.jpg,Xanna
P2776.jpg,Nexe
P3707.jpg,Omeprazole
P3570.jpg,Injection
P0335.jpg,Dexnaaf
P1215.jpg,vigorex
P1122.jpg,Clacef
P4957.jpg,napa
P2043.jpg,Nexum
P4546.jpg,inj
P4524.jpg,diet
P0859.jpg,Algin Plus
P1945.jpg,Revocit
P2477.jpg,Todet
P3715.jpg,Syrup
P2512.jpg,Geoton
P1404.jpg,Tab.  NEXUM
P0454.jpg,Telmiaip
P1448.jpg,Dexter
P2710.jpg,Torix
P0516.jpg,Napa
P4163.jpg,Sucsef
P4314.jpg,Tablet
P0732.jpg,Dexter
P2626.jpg,Rivo
P3980.jpg,Syrup
P1855.jpg,m-lucas
P5291.jpg,glinta
P4919.jpg,napa
P0503.jpg,Nexe mups
P2566.jpg,Avloclav
P5198.jpg,flacol
P0616.jpg,Deflacort
P2559.jpg,Roxadex
P1326.jpg,Greenox
P0922.jpg,Flugal
P4024.jpg,Tablet
P0418.jpg,Xyflo
P5493.jpg,algin
P2248.jpg,Flugal
P1414.jpg,Alfane
P0867.jpg,Neuro
P5325.jpg,tofen
P2544.jpg,Napryn
P1841.jpg,Dexter
P4751.jpg,histacin
P4157.jpg,Tablet
P3274.jpg,Xinc B
P4572.jpg,inj
P0416.jpg,Orofer
P3194.jpg,Napa
P1629.jpg,Naprox
P0529.jpg,Bilaxe
P4498.jpg,glanine
P3331.jpg,Pethidine
P1635.jpg,Nuvifer
P2230.jpg,Aristovil-B
P1725.jpg,Biscor
P2999.jpg,Algin
P1345.jpg,Max Pro
P2737.jpg,Nexe
P0603.jpg,Estes 300
P2519.jpg,Clavutil
P0972.jpg,Deuxil
P2199.jpg,Reelife
P3657.jpg,Cotson
P1702.jpg,Lwfilex 24
P4942.jpg,toco
P1115.jpg,Lubilax
P4389.jpg,Maxpro
P3017.jpg,Esprazo
P2777.jpg,Zinax
P3882.jpg,Histacin
P5321.jpg,texit
P1953.jpg,Empofi
P2160.jpg,Supra-B
P1809.jpg,vaptam
P5499.jpg,nexe
P2271.jpg,Algin
P2349.jpg,Othera
P4897.jpg,nalbun 2
P0645.jpg,Xinc
P3502.jpg,Injection
P1668.jpg,Calnor
P4903.jpg,emistat
P5178.jpg,diet
P4224.jpg,Fuclav
P1063.jpg,neuroxen
P1992.jpg,Ecerhimu
P2105.jpg,wficore
P4803.jpg,histal
P4846.jpg,high
P2415.jpg,Actilac
P1262.jpg,Devixil
P4165.jpg,Ceftriaxone
P1989.jpg,Nufw
P3442.jpg,Capsule
P3281.jpg,Emistat
P5296.jpg,apuldon
P0258.jpg,Rolac
P2646.jpg,Flubex
P0533.jpg,Normens
P2602.jpg,Glyxan
P0042.jpg,HPR DS
P4252.jpg,Tablet
P4541.jpg,omeprazole
P3172.jpg,Biltant
P4490.jpg,diabetic
P2895.jpg,Nexum
P3352.jpg,Ambrox
P3685.jpg,Diet
P3816.jpg,CRP
P5574.jpg,napa
P4284.jpg,Cefaclav
P2815.jpg,Calcor-D
P2719.jpg,Voltalin
P0103.jpg,Apeelo
P0104.jpg,Myolax
P1099.jpg,Denixil
P2584.jpg,Roclav
P1831.jpg,Zymef  
P1047.jpg,don A
P5513.jpg,clonapex
P4798.jpg,ceevit
P3117.jpg,Paracetamol
P0197.jpg,Mervax
P1284.jpg,Don A
P5014.jpg,amdocal
P1468.jpg,Dexter
P2513.jpg,Corulcal-D
P2148.jpg,Reserux-SR
P1394.jpg,Calboral-Dx
P4824.jpg,omeprazole
P2809.jpg,Nexe
P0252.jpg,Bromen
P1588.jpg,Emezrd
P0978.jpg,Don A
P0403.jpg,Raditil
P2275.jpg,Calborul-D
P3438.jpg,Algin
P0041.jpg,Sergel
P1105.jpg,Napa
P1077.jpg,methomol
P1615.jpg,TAB. PENOULY
P3244.jpg,Insulin R
P3959.jpg,Emep
P0626.jpg,vorinox
P2394.jpg,Deslong
P5433.jpg,remmo
P1739.jpg,BEKLO
P2926.jpg,Amitip
P5151.jpg,clavutil
P1111.jpg,Bislol 5
P4281.jpg,Tablet
P0367.jpg,Cinamycin
P1018.jpg,Denixil
P5105.jpg,algin
P3019.jpg,Neuro-B
P1520.jpg,Xinc B
P4393.jpg,Pair
P2114.jpg,Nitr
P2900.jpg,Calcor-D
P0226.jpg,Nexum Mups 20
P2563.jpg,Anodof
P4500.jpg,gaba p
P3933.jpg,Voltalin
P3108.jpg,Heranor
P3209.jpg,Histol
P0872.jpg,Lecor
P0268.jpg,Esover
P0304.jpg,Renova
P0272.jpg,Alfix
P2033.jpg,Delfmz 
P2099.jpg,Dexter 60
P3708.jpg,Tablet
P3396.jpg,Aminosol
P2655.jpg,Nexe Mups
P0910.jpg,Calboral
P0359.jpg,Monas
P2743.jpg,Melpred
P3152.jpg,Alatrof
P3127.jpg,Monas
P4371.jpg,Capsule
P3481.jpg,Injection
P0156.jpg,Bilaxe
P4363.jpg,Voltalin
P4432.jpg,Bizoran
P5250.jpg,esmax
P3647.jpg,Lasix
P0672.jpg,Montene
P2119.jpg,Alolrol
P3373.jpg,Napa
P4766.jpg,histal
P2474.jpg,Baemax
P1285.jpg,Nexum
P4101.jpg,Tablet
P4872.jpg,voltalin
P3958.jpg,Neptor
P5344.jpg,gavilac
P5170.jpg,texit
P1509.jpg,Calboral D
P0278.jpg,Rolip
P2918.jpg,Calcor-D
P5347.jpg,napa
P4292.jpg,Tofen
P0013.jpg,T-Cef
P4396.jpg,Tablet
P1283.jpg,Gavitfx
P3604.jpg,Diet
P1786.jpg,Detfacf
P2215.jpg,Microgurt
P3217.jpg,Maxpro
P2877.jpg,Aristovit
P5515.jpg,voltalin
P4401.jpg,Suppository
P3644.jpg,Diet
P2729.jpg,Roclav
P1127.jpg,uliv 150
P2622.jpg,Algend
P3654.jpg,Cefuroximee
P5576.jpg,texit
P3752.jpg,Tablet
P3278.jpg,Cotnim
P2471.jpg,Rexrisx-SR
P0045.jpg,хра
P4818.jpg,voltalin
P3282.jpg,Omeprazole
P0433.jpg,Telmidip
P4985.jpg,xinc b
P0183.jpg,Trilock
P3872.jpg,Voltalin
P5337.jpg,napa
P1015.jpg,ginoba
P3486.jpg,Edeloss
P2110.jpg,Lactomone
P2035.jpg,Napa extra
P3738.jpg,Histacin
P1537.jpg,Zit A
P4558.jpg,sodibar
P4550.jpg,arlin
P2991.jpg,Calbo-D
P3834.jpg,Syrup
P4989.jpg,omeprazole
P1463.jpg,Nexum
P2978.jpg,Tofen
P4362.jpg,Rolac
P4038.jpg,Tablet
P0958.jpg,ESCilex
P0855.jpg,Folzin
P0694.jpg,Dexter
P2245.jpg,Reef-Dx
P1028.jpg,Neuroxen
P4555.jpg,tab
P0130.jpg,Napa one
P1967.jpg,halcorl
P2134.jpg,Asthma
P4747.jpg,flamex
P0860.jpg,Gestrenol
P0243.jpg,Levox
P4328.jpg,Capsule
P0994.jpg,Ecosprin
P1807.jpg,mefhomof
P5297.jpg,etorac
P1969.jpg,uliv 1
P2451.jpg,Arlin
P3213.jpg,Cefaxine
P3045.jpg,Algin
P2430.jpg,Toradolin
P3802.jpg,Injection
P3028.jpg,Folzin-Cl
P4537.jpg,o2 inhalation
P0204.jpg,Rifagut
P5379.jpg,torax
P5351.jpg,alafix
P5194.jpg,becobion
P3235.jpg,Flamex
P5044.jpg,nexe
P0879.jpg,Nexum
P0306.jpg,Alcet
P0216.jpg,TRD Coutine
P0396.jpg,Ecosprin
P0190.jpg,Rosuva 5
P5573.jpg,roclav
P0048.jpg,Robac
P0137.jpg,Nexe
P2377.jpg,Tonlino
P0329.jpg,Gintabac
P3568.jpg,Injection
P3179.jpg,Bilozin
P2088.jpg,Dexter
P5392.jpg,novotril
P5013.jpg,linux plus
P5451.jpg,phylopen
P1640.jpg,Dekalin
P0460.jpg,Esohil
P0574.jpg,Dexnaaf
P0730.jpg,Gintex
P3070.jpg,Nucef-CV
P4977.jpg,xinc b
P0121.jpg,Ulfix
P0809.jpg,Calboral
P3839.jpg,Xinc
P3973.jpg,Injection
P0954.jpg,Algin
P2192.jpg,Etorix
P1667.jpg,Montene
P2624.jpg,Frulac
P5066.jpg,visnon
P0923.jpg,Lecor
P2685.jpg,Esotil
P1033.jpg,Xinc
P5233.jpg,phylopen
P5008.jpg,cefaclav
P1864.jpg,Natumef
P0279.jpg,Clonapex
P1247.jpg,Protio
P5521.jpg,nexe
P1486.jpg,Asynta max
P0870.jpg,Dekalin
P3239.jpg,Omep
P1365.jpg,Tab. Naprox
P1387.jpg,Esotid
P1995.jpg,Etorix
P2998.jpg,Fenix-V
P0273.jpg,Monfast
P4060.jpg,Unatin
P4159.jpg,Tablet
P4889.jpg,budicort
P1251.jpg,Reconil
P1678.jpg,Neuro-B
P2726.jpg,Frulac
P3329.jpg,Ketorolac
P3497.jpg,Emistat
P5416.jpg,omidon
P5441.jpg,supp
P5549.jpg,ponsal
P1911.jpg,Arsiloca
P1788.jpg,maxrin
P3777.jpg,Micoral gel
P1688.jpg,Empofi
P0078.jpg,Nervion
P2838.jpg,Solon
P3079.jpg,Dexilend
P1460.jpg,relenten
P4087.jpg,Diet
P3904.jpg,Normal
P3660.jpg,Cotrim
P1492.jpg,Don A
P4695.jpg,napa
P2269.jpg,Purifen
P0342.jpg,Vonocab
P2200.jpg,wfiCore
P2311.jpg,Montene
P4758.jpg,omeprazole
P3463.jpg,Nacl
P2347.jpg,Zymat Pro
P0623.jpg,Bexter
P3878.jpg,Maxpro
P0520.jpg,Vonocab
P1429.jpg,Max Pro
P5110.jpg,diaryl
P1815.jpg,Bilan
P0582.jpg,Telmacal
P2085.jpg,Fxsid Plus
P1594.jpg,Tendonil
P3678.jpg,Nacl
P5481.jpg,nexe
P0309.jpg,Abicon
P1300.jpg,Tab.calboral
P3009.jpg,Neuro-B
P4436.jpg,Ceftriaxone
P5266.jpg,voltalin
P3883.jpg,Fluclox
P3372.jpg,Anadol
P5240.jpg,voltalin
P0231.jpg,Atoz
P4870.jpg,xinc
P4341.jpg,Meropenem
P4814.jpg,vasco
P1177.jpg,Escilex
P4369.jpg,Rolac
P5422.jpg,phylopen
P4675.jpg,meropenem
P2426.jpg,Fasopen
P0049.jpg,Omep
P4983.jpg,linax plus
P3003.jpg,D-Rise
P4884.jpg,emistat
P3769.jpg,Norsol
P2304.jpg,Rex
P4430.jpg,Tablet
P4805.jpg,xinc b
P1441.jpg,vildamef
P3866.jpg,Trizon
P1405.jpg,Tab. Xinc-B
P2977.jpg,Bilista
P1539.jpg,Pli 50
P5514.jpg,ceevit
P0618.jpg,clavusef
P3391.jpg,Omeprazole
P1497.jpg,Dexter 60
P4813.jpg,histal
P5391.jpg,nexe
P0129.jpg,Montelon
P1852.jpg,Xinc B
P1854.jpg,Dexter
P3330.jpg,Omeprazole
P4063.jpg,Biscor
P3441.jpg,Diet
P0136.jpg,Napa one
P0735.jpg,acliz plus
P5520.jpg,flamyd
P2885.jpg,Zesup
P0724.jpg,deviry
P2628.jpg,Rosu
P3265.jpg,Cotnim
P0765.jpg,lecor
P1248.jpg,Don-A
P3464.jpg,Tablet
P2767.jpg,Phylopen-Ds
P4350.jpg,Fexofenadinee
P1151.jpg,noswvc
P3903.jpg,Vifas
P2402.jpg,Ultrox
P2337.jpg,Beklo
P4435.jpg,Injection
P3603.jpg,Omeprazole
P2578.jpg,Indo
P5506.jpg,nexe
P2758.jpg,Sergel
P3080.jpg,Ofran
P2856.jpg,Neuro-B
P3388.jpg,Mesacol
P4871.jpg,ointment
P4980.jpg,omeprazole
P5512.jpg,fixgut
P2670.jpg,Nexe
P0170.jpg,Cortan
P2752.jpg,Flexibac
P2958.jpg,Barbit
P3991.jpg,Normal
P3182.jpg,Rolac
P2562.jpg,Algin
P5228.jpg,nexe mups
P5159.jpg,alix
P0791.jpg,Calboral
P5428.jpg,calboral
P3030.jpg,Nexum Mups
P1812.jpg,m-lucas
P0842.jpg,Combicid
P4115.jpg,Tablet
P4304.jpg,Voltalin
P2089.jpg,Protio
P4388.jpg,Napa
P1749.jpg,viscxywgxne
P1314.jpg,Tab. Algin
P4195.jpg,Aropen
P3593.jpg,Fluclox
P4416.jpg,Napa
P4237.jpg,Tablet
P0861.jpg,Calboral
P3092.jpg,Fremit
P3261.jpg,Emistat
P3285.jpg,Metronidazole
P5359.jpg,bilaxe
P2368.jpg,Nexe
P0070.jpg,Indever 10
P2096.jpg,Neuroxen
P4229.jpg,Tablet
P2990.jpg,Neuro-B
P2249.jpg,Nexum
P4257.jpg,Tablet
P3456.jpg,Capsule
P1155.jpg,Biscor
P2616.jpg,Rozita
P2598.jpg,Actilac
P0429.jpg,ocof
P5073.jpg,rivotril
P1662.jpg,Montene
P4784.jpg,nalbun 2
P1188.jpg,Deixil
P3998.jpg,Diet
P0986.jpg,FLAMEX
P1746.jpg,cap. Folzim
P2181.jpg,Tryptin
P3276.jpg,Algin
P4659.jpg,xinc b
P3783.jpg,Emistat
P3514.jpg,Napa
P4452.jpg,Rupadin
P0350.jpg,Esohil
P3038.jpg,Seclo
P0022.jpg,Kacin
P5070.jpg,alcet
P3410.jpg,Napa
P4204.jpg,Xinc B
P4219.jpg,Capsule
P1176.jpg,halconf
P1419.jpg,Nabu pain
P4065.jpg,RTV
P2397.jpg,Zo-mups
P0950.jpg,Amitip
P5381.jpg,ceevit
P2944.jpg,Desolon
P4264.jpg,Diabetic
P4796.jpg,omep
P2285.jpg,Barbit
P3048.jpg,Algin
P1669.jpg,Bisoren
P5036.jpg,don-a
P1403.jpg,Tab. ANADOL
P4700.jpg,meropenem
P5055.jpg,esmax
P1009.jpg,Zymet
P0780.jpg,Calboral
P3515.jpg,Omeprazole
P4166.jpg,Injection
P1316.jpg,Tab. Geofoenil
P2210.jpg,Calboral-D
P0849.jpg,Dekalin
P3724.jpg,RBS
P3128.jpg,Thyrox
P2194.jpg,Estes
P4642.jpg,xinc b
P0135.jpg,Esohil
P1631.jpg,Neuro-B
P3652.jpg,Emistat
P2617.jpg,Profenid Gell
P3007.jpg,Frulac
P0494.jpg,Duracef
P0884.jpg,Gestrenol
P4297.jpg,Kefuclav
P4786.jpg,omeprazole
P0313.jpg,Brodin
P4640.jpg,tab
P1941.jpg,Quridew
P1402.jpg,Tab. clacido
P2235.jpg,Norestin
P5033.jpg,kacin
P2008.jpg,Don A
P0542.jpg,Finix
P5236.jpg,fixgut
P1705.jpg,xyril
P1593.jpg,Namefan 750
P1140.jpg,Asynta max
P3613.jpg,Syrup
P4473.jpg,hepamore
P1272.jpg,Nufw
P4865.jpg,moxibac
P2129.jpg,Telmivas
P1174.jpg,Delfnj
P1209.jpg,Sperm Core
P3595.jpg,Arlin
P5220.jpg,clonapex
P4293.jpg,Syrup
P2427.jpg,Optimax
P3850.jpg,Nacl
P0300.jpg,Nexe
P4812.jpg,reset
P1731.jpg,Endurex
P4286.jpg,Ketorolac
P3828.jpg,Omeprazole
P0975.jpg,Escilex
P5074.jpg,denvar
P0071.jpg,Etorix
P0833.jpg,Calboral
P5122.jpg,torax
P4247.jpg,Fexofast
P3666.jpg,Fexo
P0218.jpg,Neuroxen
P1641.jpg,fun cream
P4600.jpg,diet
P1053.jpg,Denixil
P3189.jpg,Aropen
P1476.jpg,Calboral D
P1763.jpg,coxe
P0019.jpg,HPR DS
P0869.jpg,Flugal
P3475.jpg,Injection
P2425.jpg,Ligazid
P4003.jpg,Syrup
P3161.jpg,Dexin
P3598.jpg,Lasix
P1249.jpg,m-lucas 10
P0523.jpg,hemofix
P1713.jpg,Docopc
P2197.jpg,Dexter
P2623.jpg,Omidon
P2500.jpg,Clavutil
P3681.jpg,Injection
P3743.jpg,Norsol
P5334.jpg,Macrobac
P3346.jpg,Ceftriaxone
P2034.jpg,Neuroxen
P3303.jpg,Emistat
P1904.jpg,Empofi
P2070.jpg,Kallonl Dx
P1333.jpg,Emjard
P4472.jpg,ecosprin
P2335.jpg,Naporx
P1094.jpg,Beklo
P5257.jpg,esmax
P5348.jpg,nexe
P2782.jpg,Texit
P0721.jpg,m-lucas 10
P0796.jpg,Montene
P5547.jpg,monfast
P5115.jpg,nerrion
P0111.jpg,myotax
P5163.jpg,texit
P4565.jpg,windel plus
P2140.jpg,Terxilla-SR
P2734.jpg,Fexit
P4134.jpg,Maxima
P4021.jpg,Cortan
P2533.jpg,Ceevit
P2384.jpg,Neuroxen
P4078.jpg,Omeprazole
P3569.jpg,Emistat
P3121.jpg,Thyrox
P1485.jpg,Algin
P3846.jpg,Omeprazole
P2798.jpg,Nexe
P1958.jpg,Terbi max
P0886.jpg,demelon
P3300.jpg,Monas
P1994.jpg,Cefotil Plus
P0093.jpg,Frulae
P3826.jpg,Injection
P2440.jpg,Ceevit
P2642.jpg,Omidon
P0326.jpg,Palonron
P3488.jpg,Tablet
P0376.jpg,Dexnaaf
P1949.jpg,Cildip 5
P4832.jpg,nebulization
P0641.jpg,Emlidus
P1064.jpg,mig
P1862.jpg,Asynta
P2930.jpg,Purifen
P0848.jpg,Flugal
P1676.jpg,Nexum Mups
P4673.jpg,diet
P1720.jpg,Neuro B
P1466.jpg,Devixil
P4719.jpg,hansol
P3554.jpg,Voltalin
P4545.jpg,actrapid
P5196.jpg,loba-g
P2284.jpg,Neuro-B
P3994.jpg,Syrup
P3222.jpg,Napa
P3191.jpg,Doxycap
P4567.jpg,diet
P4364.jpg,Diet
P0580.jpg,HPR DS
P5158.jpg,fixgut
P1513.jpg,Nafro A plm
P0627.jpg,Xyril
P0885.jpg,gascon
P2383.jpg,Beklo 10
P3791.jpg,Injection
P0047.jpg,Doxycap
P4590.jpg,p/c
P2579.jpg,Drexy
P4004.jpg,Napa
P0133.jpg,Cidex
P2032.jpg,Devixil
P0117.jpg,Napa
P4947.jpg,nalbun 2
P0775.jpg,Folzin
P4808.jpg,diet
P0244.jpg,Bilan
P1489.jpg,Neuroxen
P3256.jpg,Tiginor
P0092.jpg,Kinate
P2204.jpg,Don- A
P0701.jpg,Terbikill
P2306.jpg,DDR-Bomg
P5017.jpg,v-cal-2
P0368.jpg,Flamex
P0610.jpg,Dexter
P3212.jpg,Fexofast
P0026.jpg,Nimens
P5208.jpg,nexe
P0513.jpg,Klabid
P4408.jpg,Omeprazole
P5035.jpg,nexe
P2180.jpg,Barmax
P4373.jpg,Ceftriaxone
P1988.jpg,Cavinton
P5511.jpg,napa one
P3262.jpg,Anadol
P0145.jpg,Xiva
P1472.jpg,Calboral D
P0602.jpg,escilex
P2775.jpg,Sekodex
P2796.jpg,Nexe
P3917.jpg,Ketorolac
P4508.jpg,matima
P4180.jpg,Acemox
P5045.jpg,coral rd
P4635.jpg,inj
P3608.jpg,Napa
P5311.jpg,algecal
P4842.jpg,histal
P0532.jpg,Adovas
P0015.jpg,Dexter
P2300.jpg,Calcor-D
P1374.jpg,Devixil
P5552.jpg,texit
P3874.jpg,Ansulin
P4331.jpg,Glarine
P2608.jpg,Esotid
P1643.jpg,Calcor-D
P0969.jpg,lufilox
P3446.jpg,Omeprazole
P2889.jpg,Cyclorox
P5285.jpg,nexe
P2834.jpg,K-one
P2392.jpg,Nexe mups
P1523.jpg,Dexter
P2532.jpg,Frulac
P4334.jpg,Ometid
P2405.jpg,Indevex
P0947.jpg,Neuro B
P2152.jpg,Nexe-mups
P3434.jpg,Meropenem
P1158.jpg,Kalcoral
P3505.jpg,Meropenem
P1349.jpg,xinc B
P2556.jpg,Profinex
P3560.jpg,Syrup
P4920.jpg,solupred
P2457.jpg,Alanol
P1674.jpg,ferix-v
P4785.jpg,emistat
P4688.jpg,napa
P4935.jpg,protein
P0930.jpg,Fenix-v
P3306.jpg,Mexpro
P1017.jpg,vergon
P2656.jpg,Duracef
P1437.jpg,Tab. Normens
P3796.jpg,Injection
P4946.jpg,meropen 
P4844.jpg,xinc b
P2931.jpg,Rebe
P1549.jpg,Calboral Dx
P0768.jpg,folzin
P2529.jpg,Nexum
P1315.jpg,Tab. Neuro
P0256.jpg,clavutil
P4050.jpg,Brain.V
P0205.jpg,Zo.mups 20
P4464.jpg,tab
P0915.jpg,Desolon
P3633.jpg,Injection
P1843.jpg,vildamef
P1205.jpg,Dilalyof
P2407.jpg,Nexe mups
P1590.jpg,Neuroxen
P3057.jpg,Anitip
P4718.jpg,hansol
P1858.jpg,mig
P2538.jpg,Flayd
P5136.jpg,nexe mups
P0562.jpg,Ezytake
P3155.jpg,Lindac
P0841.jpg,Neuro
P5059.jpg,normanal
P2995.jpg,Neuro-B
P0667.jpg,radiflex
P1450.jpg,Eslilex
P1974.jpg,Devixil
P3585.jpg,Syrup
P2040.jpg,xyril
P3753.jpg,Folison
P5054.jpg,monfast
P3307.jpg,Ceftriaxone
P1087.jpg,Dexter
P3923.jpg,Omep
P2113.jpg,Ecosprin
P1794.jpg,Domin
P4614.jpg,ceevit
P2005.jpg,Asynta max
P1645.jpg,Algin
P2572.jpg,Apeclo
P2985.jpg,Don-A
P2056.jpg,clacef
P3879.jpg,Axim
P2259.jpg,Nexum
P3618.jpg,Capsule
P1046.jpg,nameton
P1777.jpg,Itrahil
P2580.jpg,Texit
P3180.jpg,Ruotinl
P4276.jpg,Diabetic
P5335.jpg,nexe mups
P3842.jpg,Tablet
P0700.jpg,Fenadin
P2794.jpg,Voltalin
P3922.jpg,Rolac
P3462.jpg,Tablet
P5284.jpg,roclav
P0274.jpg,Neopenem
P4782.jpg,aeropen
P5550.jpg,alafix
P4437.jpg,Capsule
P4012.jpg,Xinc B
P4075.jpg,Tablet
P4239.jpg,Capsule
P3936.jpg,Injection
P4170.jpg,Rolac
P1767.jpg,Frabex
P3938.jpg,Voltalin
P3952.jpg,Tablet
P0125.jpg,Turboclav
P5242.jpg,milam
P5300.jpg,rectinol
P3327.jpg,Ceftriaxone
P2688.jpg,Flux
P4627.jpg,moxibac
P2198.jpg,vigorex
P2907.jpg,Dexilend
P1496.jpg,Prindof
P3381.jpg,Xinc B
P1704.jpg,Delfxz
P0394.jpg,Prestel
P0065.jpg,Sergel
P1583.jpg,Bex 10
P1570.jpg,Neuroxen
P5260.jpg,lansomax
P4480.jpg,metro
P5004.jpg,voltalin
P5380.jpg,clonapex
P0122.jpg,Montelon
P0289.jpg,Rafino Forte
P0307.jpg,Spilac
P3106.jpg,RTV
P0818.jpg,Norium
P4427.jpg,Montelukast
P2046.jpg,hutilax
P2941.jpg,Nexum
P5007.jpg,diet
P2219.jpg,Naprox
P4158.jpg,Respazit
P5148.jpg,fexo
P1339.jpg,replastw
P4026.jpg,Levofloxacin
P4368.jpg,Roxadex
P2705.jpg,Profen
P4914.jpg,5% dns
P1279.jpg,Calboral-DX
P0951.jpg,Fenix
P3876.jpg,Napa
P2183.jpg,Tryptin
P1828.jpg,Neuroxen
P0592.jpg,Ratinol
P0979.jpg,Xinc
P4877.jpg,xinc b
P3359.jpg,Colistin
P4238.jpg,Napa
P2808.jpg,Furoclav
P4489.jpg,diet
P2627.jpg,Pantonix
P1918.jpg,Etorix
P5332.jpg,monfast
P3944.jpg,Fexofenadinee
P3390.jpg,Rivotril
P0157.jpg,Trilock 10
P3893.jpg,Sergel
P5080.jpg,criptin
P4255.jpg,Diet
P1210.jpg,Ubi Core
P5450.jpg,turboclav
P3340.jpg,Metronidazole
P3765.jpg,Meropenem
P3431.jpg,Aminosol
P0420.jpg,Utifos
P3518.jpg,Actrapid
P4665.jpg,budicort
P1951.jpg,Devixil
P4847.jpg,protein
P3615.jpg,Xinc
P0284.jpg,Тоrах
P0837.jpg,geolan
P3062.jpg,Anitip
P0430.jpg,Cortan
P0901.jpg,Gestrenol
P3337.jpg,Rivotril
P3154.jpg,Fenadin
P2527.jpg,Axim CV
P3661.jpg,Emistat
P3971.jpg,Normal
P0346.jpg,Neopem
P4289.jpg,Tablet
P0997.jpg,Dophylin
P4721.jpg,nalbun 2
P0798.jpg,Ambroy
P3316.jpg,Ceftriaxone
P0704.jpg,Dexter
P1825.jpg,Prnzofress
P4629.jpg,solupred
P0888.jpg,Esprazo
P3231.jpg,Sergel
P5023.jpg,nexe mups
P3533.jpg,Cefuroximee
P1275.jpg,Eslilex 5
P0108.jpg,Fixocard
P3184.jpg,Aropens
P0482.jpg,Vonocab
P2460.jpg,Nervoprx
P0547.jpg,K-flex
P1092.jpg,Escilex
P0397.jpg,Mixit
P3859.jpg,Napa
P0873.jpg,Seclo
P0898.jpg,Neuro B
P0810.jpg,Nexum
P2657.jpg,Nexe
P4656.jpg,emistat
P2763.jpg,Quiet
P1880.jpg,Dexter
P3268.jpg,Algin
P2045.jpg,Neuroxen
P4712.jpg,p/c
P3854.jpg,Injection
P4210.jpg,Tablet
P2322.jpg,Fenix-V
P5470.jpg,miraba
P2698.jpg,Filmet
P0715.jpg,Rivarox
P5527.jpg,oricef
P3592.jpg,Syrup
P4623.jpg,5% dns
P2801.jpg,Flux
P1810.jpg,Dexter
P2062.jpg,Pelverin
P4775.jpg,optimox
P3145.jpg,Matina
P2550.jpg,Azosite
P1056.jpg,Pregmos
P4505.jpg,tab
P5575.jpg,esmax
P4151.jpg,Napa
P3787.jpg,Norsol
P2428.jpg,Ceevit
P2455.jpg,Doximax
P5204.jpg,nexe 
P2581.jpg,Esmax
P0745.jpg,geolan
P0250.jpg,Rolac
P4411.jpg,Rolac
P2185.jpg,Metaomol
P3956.jpg,Tablet
P0148.jpg,TRD Couture
P5328.jpg,monfast
P3473.jpg,Metronidazole
P4194.jpg,Normal
P4955.jpg,voltalin
P3763.jpg,Blood
P1170.jpg,Deixl
P1467.jpg,Detfacavt
P5058.jpg,loxodol
P1159.jpg,Dexter
P0479.jpg,Rhinomist
P1268.jpg,Mig 2.5
P2518.jpg,Calcor-D
P4176.jpg,Trevox
P0043.jpg,Nitrofur
P1754.jpg,Othera
P4145.jpg,Diet
P3999.jpg,Syrup
P0238.jpg,Itolcive 80
P4330.jpg,Sidobac
P2811.jpg,Cefaclav
P0175.jpg,Elodep 5
P4610.jpg,omeprazole
P3064.jpg,Neuro-B
P1147.jpg,Newoxew
P4703.jpg,diet
P1908.jpg,Lifanta
P5097.jpg,candifast
P1156.jpg,Natumef
P4402.jpg,Voltalin
P3987.jpg,Fenadin
P2390.jpg,Purisal
P4571.jpg,cosec
P2837.jpg,Seclo
P5357.jpg,texit
P4901.jpg,histacin
P0739.jpg,denixil
P4010.jpg,Fexo
P1719.jpg,Algin Sorg
P0062.jpg,Disopan
P4880.jpg,budicort
P3558.jpg,Fluclox
P3653.jpg,Diet
P3945.jpg,Capsule
P4908.jpg,histacin
P1106.jpg,Zimax
P1653.jpg,Esprazo
P1201.jpg,Algin
P3415.jpg,Algin
P5322.jpg,texit
P2291.jpg,Naprosyn Plus
P4608.jpg,nalbun
P0759.jpg,Napa
P3617.jpg,V-plex
P3164.jpg,Regular
P2358.jpg,Fixgut
P0723.jpg,Calboral dx
P1214.jpg,E-vit
P2988.jpg,Othera
P2470.jpg,Frenxit
P3494.jpg,Voltalin
P4317.jpg,Histacin
P4218.jpg,Normal
P1618.jpg,Arth An
P3283.jpg,Nalbun-Z
P2381.jpg,Clavutil
P1724.jpg,Rivyox
P0624.jpg,cildip
P3778.jpg,Injection
P4933.jpg,o2 inhalation
P5490.jpg,femotol
P2892.jpg,Othera
P0991.jpg,viodin
P1043.jpg,Dexter
P0210.jpg,Nexum Mups 20
P4756.jpg,trum-3
P1269.jpg,Calboral Dx
P2055.jpg,Eslilex
P0858.jpg,Neuro
P1580.jpg,Revere
P2665.jpg,Nexe Mups
P3780.jpg,Vancomycin
P2065.jpg,Nexum mups 20
P2128.jpg,Lipicon
P2860.jpg,Naprox
P2476.jpg,Tryptin
P5039.jpg,coral
P3203.jpg,Omeprazole
P5384.jpg,dextac
P0030.jpg,Relvis
P3107.jpg,Ecosprin
P1059.jpg,nexum
P4357.jpg,Neurobest
P0530.jpg,Airmont
P3250.jpg,Napa
P4093.jpg,Tablet
P1012.jpg,gaviflux
P4160.jpg,Nimifete
P2548.jpg,Roclav
P2595.jpg,Ceevit
P1291.jpg,Devixil
P0247.jpg,Nexum Mups 20
P3809.jpg,Syrup
P3099.jpg,Histacin
P1541.jpg,m-lucas 10
P4841.jpg,windel plus
P3774.jpg,Injection
P1090.jpg,Zymef
P1399.jpg,Tab. Nexum
P1225.jpg,Paloxi
P4047.jpg,DDR
P2090.jpg,B. 50 forte
P1198.jpg,Paloxi
P3750.jpg,Tablet
P2051.jpg,Rafiflo 8
P3544.jpg,Diabetic
P5121.jpg,emep
P0575.jpg,Frenxit
P1242.jpg,Cildip
P1759.jpg,Greemox
P1035.jpg,Dexter
P4928.jpg,mefanide
P0467.jpg,Alatol
P3586.jpg,Napa
P0813.jpg,Montene
P1108.jpg,Revital
P5275.jpg,Rivotril
P3398.jpg,Meropenem
P2932.jpg,Beconal
P4048.jpg,Tablet
P1673.jpg,Eyium
P2789.jpg,Torax
P0677.jpg,DON A
P4234.jpg,Normal
P1250.jpg,Dophyllin
P1491.jpg,Paloxi
P4679.jpg,ceevit
P4309.jpg,Biltin
P1929.jpg,Algin
P2131.jpg,Dexter
P4192.jpg,Renova
P5274.jpg,xinc b
P5559.jpg,gasnil
P5235.jpg,lanso max
P0893.jpg,D Cap
P2564.jpg,Fylox
P4851.jpg,nalbun-2.1
P1703.jpg,Eslilex
P3215.jpg,Rolac
P4118.jpg,Bizoran
P2240.jpg,Zesup
P3201.jpg,Fexofenadine
P4461.jpg,Ceftriaxone
P2146.jpg,Mecor
P0441.jpg,Nexe
P4431.jpg,Bislol
P4006.jpg,Nasal
P5224.jpg,esoral
P0980.jpg,Zovia
P3245.jpg,Vibrenta
P3889.jpg,Rolac
P0794.jpg,Neuro
P4523.jpg,drop
P0033.jpg,Furocef
P1860.jpg,Calboral
P4888.jpg,windel plus
P3229.jpg,Cetaclav
P1400.jpg,Tab. Anth
P2641.jpg,Sergel
P3375.jpg,Emistat
P0598.jpg,fusid
P3297.jpg,Omeprazole
P5356.jpg,texit
P4601.jpg,protein
P2540.jpg,Algin
P2832.jpg,Germicord
P5317.jpg,moxigram
P1338.jpg,Tab. Algin
P0373.jpg,Coralcal
P1983.jpg,Relenfn
P3181.jpg,Glasin
P1307.jpg,Tab. Calboral
P2898.jpg,Amitip
P3853.jpg,Ceftriaxone
P4902.jpg,nalbun 2
P1081.jpg,m-lucas
P0398.jpg,Medragust
P5180.jpg,torax
P2633.jpg,Vasco
P5193.jpg,migo
P3012.jpg,Onacal-D
P4405.jpg,Ceftriaxone
P1789.jpg,Hexinor
P3342.jpg,Rolac
P3963.jpg,Tablet
P5083.jpg,vaxitet
P3576.jpg,Emistat
P0648.jpg,voligel
P5491.jpg,nexe
P1413.jpg,Nabu
P2753.jpg,Sindala
P1556.jpg,Nitrocontive
P1900.jpg,Cildip
P3821.jpg,Omeprazole
P4147.jpg,Lindac
P4973.jpg,metro
P5410.jpg,voltalin
P1800.jpg,Cildip
P1644.jpg,Nexum
P5443.jpg,torax
P1971.jpg,Ribosore
P0990.jpg,ointment
P5138.jpg,nexe
P1744.jpg,prosesf
P1694.jpg,Mitpr
P4499.jpg,tab
P4208.jpg,Diet
P3420.jpg,Diabetic
P2967.jpg,Anitip
P4282.jpg,Omep 
P3694.jpg,Ceftriaxone
P3886.jpg,Omep 
P2142.jpg,Tryptim
P5001.jpg,histacin
P5067.jpg,flux
P3060.jpg,Neuro-B
P3368.jpg,Anadol
P3690.jpg,Drop
P0831.jpg,epitra
P2009.jpg,xinc B
P2946.jpg,Neuro-B
P3610.jpg,Ceftriaxone
P4272.jpg,Micoral gel
P3081.jpg,Anitip
P2050.jpg,Calboral Dx
P3450.jpg,Omeprazole
P5084.jpg,f lubre
P5341.jpg,nexe mups
P5092.jpg,deflaxen
P5469.jpg,voxbone
P4787.jpg,xinc b
P5293.jpg,ketoflax
P5222.jpg,voltalin
P1202.jpg,Eslilex
P4242.jpg,Histat
P0929.jpg,Gestrenol
P4836.jpg,liberts
P1912.jpg,Rosu
P1223.jpg,Faropew
P0774.jpg,calboral
P1118.jpg,m-lucas 10
P5564.jpg,gasnil
P4056.jpg,Injection
P2846.jpg,Actrapid
P0009.jpg,Exeptim
P0110.jpg,Emep
P3830.jpg,Tablet
P5393.jpg,aneobex
P2175.jpg,Indever
P4922.jpg,ceevit
P5132.jpg,ornopain
P1309.jpg,Tab. Epitra
P3148.jpg,Napa
P1798.jpg,Devixil
P3290.jpg,Ceftriaxone
P2295.jpg,Montene
P2224.jpg,Fentizol
P3025.jpg,Bredicon
P3322.jpg,Ceftriaxone
P0506.jpg,Kinate
P5374.jpg,bilaxe
P2123.jpg,FONA
P0971.jpg,Dexter
P0059.jpg,Omep
P3621.jpg,Iracet
P4959.jpg,5% dns
P1957.jpg,Gintex
P1370.jpg,Tab. cifotil
P2960.jpg,Omidon
P3134.jpg,Omeprazole
P4085.jpg,Diet
P2858.jpg,Derolon
P3779.jpg,Imipenem
P3423.jpg,Lantus
P0118.jpg,Esohil
P4046.jpg,Capsule
P2423.jpg,Gavisus
P2408.jpg,Clavutil
P0271.jpg,Texit
P2740.jpg,Nervion
P4094.jpg,Fexofast
P5295.jpg,dextac
P1286.jpg,Eslilex
P2029.jpg,Rofip
P1853.jpg,Bextwfiluy
P4266.jpg,Cefixime
P2582.jpg,Voltalin Syrup
P5061.jpg,loxodol
P4161.jpg,Capsule
P3634.jpg,Lasix
P1324.jpg,xinc B
P3489.jpg,Endever
P3867.jpg,Fluclox
P3510.jpg,Napa
P3713.jpg,Hydronix
P4750.jpg,xinc b
P3949.jpg,Tablet
P0985.jpg,cefotil
P0646.jpg,norium
P0475.jpg,Coralcal
P0766.jpg,Revarol
P5104.jpg,nexe
P4127.jpg,Bislol
P4267.jpg,Omeprazole
P1684.jpg,Indever f
P0038.jpg,Sandin
P5090.jpg,oxycol
P2328.jpg,Neuro-B
P3871.jpg,Tablet
P2904.jpg,Geotrenol
P4917.jpg,emistat
P0761.jpg,Calboral
P2310.jpg,Broxolite
P5333.jpg,napa
P2274.jpg,Nexum
P1597.jpg,Arth ATS
P0389.jpg,Nexpro
P1145.jpg,Nuhw
P2945.jpg,Beklo
P2084.jpg,Exlilex 5
P3960.jpg,Alcet
P0731.jpg,vigorex
P0286.jpg,Fixgut
P1237.jpg,Don A
P2371.jpg,Nexmig 2.5
P3868.jpg,Rolac
P5338.jpg,Macrobac
P5187.jpg,dmiden
P4337.jpg,Cefuroxime
P5461.jpg,tarlica
P3136.jpg,Bislol
P3399.jpg,Algin
P4632.jpg,inj
P1534.jpg,Prindof
P2107.jpg,Toradolin
P3702.jpg,Tablet
P4566.jpg,budicort
P3974.jpg,Meropenem
P3885.jpg,Calbo  
P0150.jpg,Synogen
P1298.jpg,Tab. Naprox
P3895.jpg,Histacin
P1978.jpg,vildamef
P4899.jpg,xinc b
P1360.jpg,Neuroxen
P2905.jpg,Folzin-Cl
P2416.jpg,Napa
P3590.jpg,Injection
P0825.jpg,Neuro
P4250.jpg,Axim
P5012.jpg,ceevit
P0100.jpg,Etorix
P0308.jpg,Avolac
P2289.jpg,Omidon
P2395.jpg,N-max
P3955.jpg,Tablet
P1069.jpg,Cortan
P5131.jpg,soluprud
P4741.jpg,high
P1873.jpg,Rosuva
P1435.jpg,Dexter
P1088.jpg,folive
P4146.jpg,Triptin
P2309.jpg,Tofen
P1318.jpg,Tab. Menoral
P0521.jpg,Furotil Plus
P2053.jpg,Pro Gio
P1238.jpg,xinc
P2028.jpg,Delfmz 30
P2170.jpg,Telmidip
P0037.jpg,Voligel
P3563.jpg,Diet
P3822.jpg,Libott-S JR
P3223.jpg,Micoral gel
P4666.jpg,napa
P0140.jpg,Synogen
P4306.jpg,Diet
P2695.jpg,Cefim
P2708.jpg,Gestin
P5533.jpg,lactomore
P4392.jpg,Tablet
P4059.jpg,Tablet
P0514.jpg,Dexila
P2432.jpg,Microcef
P4713.jpg,ceevit
P2453.jpg,Nitro-SR
P4927.jpg,budicort
P3344.jpg,Ambrox
P2635.jpg,Eggcot
P5176.jpg,fexocon
P4477.jpg,Ceftriaxone
P0948.jpg,calboral
P4015.jpg,Normal
P2209.jpg,Ferix-V
P2921.jpg,Algin
P3266.jpg,Omep
P1083.jpg,neuroxen
P3153.jpg,Timptin
P2691.jpg,Motigut
P0805.jpg,calboral
P2589.jpg,Cefin-B
P3668.jpg,Diet
P5509.jpg,nexe
P3130.jpg,Bizoran
P0632.jpg,viglimet
P5299.jpg,torax
P4593.jpg,tab
P1784.jpg,m-lucas
P4349.jpg,Tablet
P2412.jpg,Motigut
P1887.jpg,xyril
P3088.jpg,Esprazo
P0782.jpg,lecor
P5106.jpg,trodolin
P1895.jpg,Calboral
P4253.jpg,Seclo
P4829.jpg,xinc b
P1762.jpg,calboral
P0069.jpg,Sergel
P5316.jpg,prechery
P1109.jpg,gestrenol
P5403.jpg,nexe mups
P3888.jpg,Flamex
P2667.jpg,Motigut
P1089.jpg,nystat
P1998.jpg,Dexter
P1296.jpg,Tab.Aristovif-3
P3605.jpg,Ceftriaxone
P3123.jpg,Bizoran
P4084.jpg,Diet
P0031.jpg,Medroxy
P0120.jpg,Kinate
P5217.jpg,exium
P5258.jpg,maxdol
P4528.jpg,Fexofast
P0525.jpg,Gestrenol
P1474.jpg,Etorix
P0027.jpg,Elija
P1737.jpg,Cheort-Dx
P3662.jpg,Vorifast
P4053.jpg,Flamex
P4111.jpg,Tablet
P4259.jpg,Tablet
P0449.jpg,Tigover
P0236.jpg,Zo.mups 20
P4639.jpg,ceevit
P2884.jpg,Calbo-D
P2135.jpg,Flv
P3511.jpg,Rolac
P2163.jpg,Synogen
P3844.jpg,Tablet
P1813.jpg,Doxoven
P1698.jpg,Tab. Neuro.B
P4892.jpg,nalbun 2
P5063.jpg,texit
P0028.jpg,Comet
P1131.jpg,Escilex
P0489.jpg,Vonorab
P0663.jpg,Dexter
P2006.jpg,Nexum mups 20
P2531.jpg,Omidon
P4453.jpg,Voltalin
P0257.jpg,Esover
P1328.jpg,Tab. Calboral
P0426.jpg,Clavutil
P3374.jpg,Omeprazole
P1195.jpg,Dexter
P2286.jpg,Microgest
P0483.jpg,Bilaxe
P1133.jpg,Melhomofsw
P0085.jpg,Thyrox
P3185.jpg,Emep
P3728.jpg,Vancomycin
P3460.jpg,Tablet
P3976.jpg,Injection
P3629.jpg,Napa
P2226.jpg,Neuro-B
P1383.jpg,Tb. N- Max
P2013.jpg,Dexter
P1304.jpg,cap. Esprazo
P5534.jpg,ratinol
P5310.jpg,nexe
P3890.jpg,Cefaclav
P1386.jpg,D-cop
P3234.jpg,ciprox
P1444.jpg,Dexter
P1802.jpg,Bisoren
P5103.jpg,corox
P3723.jpg,CRP
P3836.jpg,Xinc
P4522.jpg,nasal
P1650.jpg,fzsprazo
P4470.jpg,rtv
P2436.jpg,Afix
P5423.jpg,nexe
P4486.jpg,fenadin
P4913.jpg,voltalin
P2746.jpg,Yonocab
P1287.jpg,m-lucas 
P5091.jpg,menofemin
P1606.jpg,m-lucas 10
P0105.jpg,Cora DX
P0067.jpg,Profenid Gel
P2717.jpg,Nexe
P2981.jpg,Novelon Lite
P5557.jpg,texit
P2792.jpg,Lactomore
P0671.jpg,moxilin
P4366.jpg,Ceftriaxone
P0167.jpg,Coragen-D
P5032.jpg,algin
P2318.jpg,Nexum
P5473.jpg,fixgut
P1001.jpg,Fusid
P0294.jpg,Nexum Mups 20
P4907.jpg,xinc b
P4207.jpg,Fexofenadinee
P2660.jpg,Napa One
P4740.jpg,diet
P1535.jpg,Rasiflex
P0891.jpg,Amitip
P4997.jpg,osec
P4732.jpg,kacin
P0613.jpg,Fenadin
P2707.jpg,Oricef
P4429.jpg,Thyrox
P4460.jpg,Diabetic
P5075.jpg,flux
P2323.jpg,Calcor-D
P1574.jpg,Cp Dexter
P2517.jpg,Neuro-B
P2721.jpg,Nexe
P2406.jpg,Esipram
P5203.jpg,lactomore
P0697.jpg,Neuroxen
P4835.jpg,clindacin
P3594.jpg,Syrup
P0511.jpg,Fylox
P2928.jpg,Zesup
P2507.jpg,Aristovit
P3433.jpg,Lantus
P0822.jpg,geolan
P4536.jpg,renal
P3989.jpg,Tablet
P4410.jpg,Injection
P3430.jpg,Diet
P4811.jpg,clindacin
P3023.jpg,Flugat
P1598.jpg,m-lucas 10
P1783.jpg,Syp Asyntamax
P0728.jpg,ENQ
P2554.jpg,Optimax
P2962.jpg,Neuro-B
P0917.jpg,Naprox
P3806.jpg,Injection
P3383.jpg,Omeprazole
P3847.jpg,Tablet
P5354.jpg,ponsal
P5268.jpg,diet
P2143.jpg,Febustat
P4179.jpg,Bicozin
P5199.jpg,nexe mups
P4655.jpg,nalbun 2
P0434.jpg,Zo.mups 20
P1986.jpg,Napa
P0424.jpg,Atoz
P5508.jpg,flux
P3800.jpg,CRP
P3935.jpg,Rolac
P2492.jpg,Flugal
P0126.jpg,Esotid
P5368.jpg,clonapex
P4574.jpg,inj
P3178.jpg,Ace power
P0269.jpg,Fixcef Plus
P3968.jpg,Emep
P3360.jpg,Napa
P3425.jpg,Omeprazole
P5558.jpg,lytex
P1760.jpg,Roxim
P3068.jpg,Seclo
P4628.jpg,inj
P1203.jpg,Glymfa
P0143.jpg,Bilaxe
P0705.jpg,Combicid
P4776.jpg,albutein
P3663.jpg,Diet
P0847.jpg,Nexum
P4216.jpg,Antazol
P3561.jpg,Injection
P0165.jpg,Bilaxe
P4995.jpg,amdoral
P0357.jpg,Katomor
P1526.jpg,Troxyf
P1921.jpg,microges
P3793.jpg,Kacin
P1906.jpg,Dexter
P2866.jpg,Amitip
P4285.jpg,Tablet
P2488.jpg,Calbo-D
P2021.jpg,Telfro max
P1073.jpg,Fusid
P4302.jpg,Tablet
P0942.jpg,geolan
P1355.jpg,Calboral Dx
P0196.jpg,Zo.mups 20
P2264.jpg,Geoton
P2414.jpg,Voltalin
P3260.jpg,Omeprazole
P0553.jpg,Nexe
P5313.jpg,myolax
P2447.jpg,Momvit
P0356.jpg,Texit
P4142.jpg,Capsule
P4387.jpg,Injection
P4315.jpg,Paracetamol
P2127.jpg,Plagnin
P5425.jpg,omidon
P3318.jpg,Omeprazole
P1728.jpg,Sperm Core
P2668.jpg,Xamic
P1675.jpg,Calcor-D
P0056.jpg,Omep
P0223.jpg,Neuming
P2102.jpg,Reelifr
P3507.jpg,Meropenem
P4082.jpg,Montelukast
P2674.jpg,Flux
P5041.jpg,napa
P2283.jpg,Esprazo
P2480.jpg,Bilfast
P3479.jpg,Emistat
P3205.jpg,Fuclav
P1764.jpg,tyclav
P1909.jpg,Glicid
P4212.jpg,Capsule
P0682.jpg,Bislol
P0716.jpg,Bislol
P1507.jpg,Neurolin
P0585.jpg,mixit
P3601.jpg,Topmate
P4951.jpg,histacin
P1101.jpg,Folzin
P0510.jpg,Prestel
P4154.jpg,Capsule
P5408.jpg,revesf
P4553.jpg,tab
P3166.jpg,Dimex
P0323.jpg,Etorix
P1514.jpg,Calboral D
P4763.jpg,solupred
P3957.jpg,Normal
P0292.jpg,Avolac
P3006.jpg,Xinc-B
P4226.jpg,Napa
P0857.jpg,Algin
P3814.jpg,Avolac
P5186.jpg,torax
P1456.jpg,fpeimcore
P4742.jpg,protein
P3338.jpg,Duralax
P3323.jpg,Metronidazole
P2592.jpg,Nexe
P4532.jpg,Cefuroximee
P2156.jpg,todef
P3745.jpg,Injection
P1171.jpg,vildamet
P4895.jpg,protein
P3056.jpg,Neuro-B
P4875.jpg,atlin
P0116.jpg,Vonocab
P2552.jpg,Hot Compression
P3531.jpg,Vasco
P1368.jpg,Tab. Amitip 10
P3711.jpg,Folison
P3046.jpg,Neuro-B
P2370.jpg,Itokine 50
P2716.jpg,Filmet
P1303.jpg,Tab. Naprosyn Plus
P3953.jpg,Capsule
P0675.jpg,Dexter
P0471.jpg,Tryptin
P3498.jpg,Voltalin
P2756.jpg,Kalorl Dx
P0233.jpg,TRD Coutine
P4560.jpg,dicaltrol
P1823.jpg,Devixil
P0933.jpg,Neuro B
P5438.jpg,beklo
P3298.jpg,Emistat
P3202.jpg,Autazol
P4040.jpg,Tablet
P2225.jpg,Amitip
P1306.jpg,Tab. Neuro-B
P2081.jpg,Algin
P4415.jpg,Tablet
P2810.jpg,Myolax
P2419.jpg,Nexe mups
P1681.jpg,Barbit
P5129.jpg,fixocard
P3849.jpg,Albumin
P4878.jpg,ceevit
P4921.jpg,clexane
P3941.jpg,Napa
P2499.jpg,Pronex
P3790.jpg,Tazid
P1722.jpg,m-lucas 10
P3805.jpg,Omeprazole
P0593.jpg,Lactomore
P0054.jpg,Precabil
P5305.jpg,ceevit
P1230.jpg,ostalal Cex 
P5562.jpg,alafix
P1193.jpg,Monas
P4008.jpg,Furotil Plus
P1095.jpg,neuroxen
P3827.jpg,Traxyl
P0976.jpg,Tryptin
P3523.jpg,Capsule
P2585.jpg,Nexe
P2545.jpg,Nexe
P0649.jpg,Gel
P3482.jpg,Napa
P4088.jpg,Normal
P2475.jpg,Synogen
P3884.jpg,Rolac
P4383.jpg,Tablet
P4002.jpg,Flux
P0166.jpg,Beklo
P3214.jpg,Ayim
P3254.jpg,Voltalin
P2294.jpg,Furocef
P5079.jpg,alcet
P0259.jpg,Lestarin
P4533.jpg,tab
P1614.jpg,TAB. OUOCM-D
P1755.jpg,Nufw
P4879.jpg,windel plus
P2258.jpg,Fenix-V
P4221.jpg,Diet
P4456.jpg,Omeprazole
P2890.jpg,Neuro-B
P3089.jpg,Naprox Plus
P0084.jpg,Vonocab
P0044.jpg,Doxycap
P4162.jpg,Regler
P5107.jpg,emistat
P4891.jpg,voltalin
P1344.jpg,replastw
P3469.jpg,Algin
P2072.jpg,Eslilex
P4663.jpg,hici
P1891.jpg,Fenafir
P2862.jpg,Calcor-D
P0538.jpg,Indo
P2986.jpg,Neuro-B
P2714.jpg,Biltin
P4735.jpg,renova
P0325.jpg,Bilaxe
P5146.jpg,napa one
P4033.jpg,Tablet
P3095.jpg,Algin
P1689.jpg,Nonum
P0338.jpg,Vonocab
P4196.jpg,Injection
P4677.jpg,omeprazole
P5362.jpg,nexe
P2206.jpg,Gagwol
P0379.jpg,Myolax
P2968.jpg,Fleme max
P3101.jpg,Ceftriaxone
P4027.jpg,Diet
P2706.jpg,Faenor
P0812.jpg,Linax
P1455.jpg,ubicore E
P1717.jpg,cap. Ferix-v
P0767.jpg,Gerhinal
P4497.jpg,inj
P3825.jpg,Napa
P0061.jpg,Sergel
P0799.jpg,Desolon
P1795.jpg,Biscor
P1190.jpg,Syndopa
P1128.jpg,Paloxi
P2883.jpg,Neuro-B
P1393.jpg,Torax
P2036.jpg,Don A
P0566.jpg,Montelon
P4866.jpg,omeprazole
P0862.jpg,Folzin
P2375.jpg,Itokine
P2438.jpg,Napa one
P5386.jpg,filmet
P3757.jpg,Capsule
P4417.jpg,Xinc B
P5528.jpg,diet
P4987.jpg,nalbun 2
P5464.jpg,becobion
P0939.jpg,Algin
P4137.jpg,Tablet
P4737.jpg,xinc b
P2555.jpg,Ceevit
P4340.jpg,Diabetic
P1280.jpg,Dexter 60
P1346.jpg,Flugal
P4582.jpg,tab
P2966.jpg,Doxiva
P2974.jpg,E-gel
P1585.jpg,Eslilex 5
P5195.jpg,voxbone
P2537.jpg,Texit
P4929.jpg,bactrocin
P0010.jpg,Napa
P1792.jpg,Ginoba
P0578.jpg,Cefotil
P2122.jpg,Zolfin
P0579.jpg,Nexe
P1757.jpg,Dexter
P2468.jpg,Nervoprx
P5415.jpg,torax
P3915.jpg,Fluclox
P1801.jpg,Cildip
P0436.jpg,Bilau
P4646.jpg,diet
P1254.jpg,Cora Dx vitr
P2282.jpg,Fenix-V
P3900.jpg,Tablet
P2251.jpg,Calcor-D
P0003.jpg,Indever
P2547.jpg,Calboral
P4876.jpg,histacin
P4855.jpg,meropen
P2341.jpg,Fenix-V
P0743.jpg,Neuro
P2760.jpg,Montrlon
P3454.jpg,Tablet
P5563.jpg,ponsal
P5231.jpg,liquid
P0199.jpg,Coragen-D
P2429.jpg,Pantonix
P4931.jpg,voltalin
P5030.jpg,nexe
P1347.jpg,Etorix
P5465.jpg,premac
P5177.jpg,axon
P3612.jpg,Injection
P5482.jpg,normens
P0750.jpg,montene
P1555.jpg,Xanra
P4900.jpg,ceevit
P1878.jpg,Bisoren
P3190.jpg,Alcef
P0164.jpg,Xyflo
P0852.jpg,Neuro
P2303.jpg,Ferti-Q
P3907.jpg,Napa
P2957.jpg,Neuro-B
P0007.jpg,Napa
P0988.jpg,sergel
P0391.jpg,Rostil
P4125.jpg,Omeprazole
P1712.jpg,m-lucas 
P3982.jpg,Injection
P5535.jpg,voltalin
P3310.jpg,Emistat
P2700.jpg,Clonapex
P1332.jpg,m-lucas
P2992.jpg,Fenix-V
P4000.jpg,Injection
P3005.jpg,Othera
P2220.jpg,Neuro-B
P0753.jpg,Amlip
P5578.jpg,nexe
P1847.jpg,Prindof
P3762.jpg,CRP
P3291.jpg,Metronidazole
P5167.jpg,esmax
P5267.jpg,supp
P2937.jpg,Algin
P2312.jpg,Priten
P4687.jpg,voltalin
P4295.jpg,Voltalin
P0039.jpg,Paloxi
P0587.jpg,Povital
P0124.jpg,TRD Couture
P3035.jpg,Anitip
P3218.jpg,Fexo
P5398.jpg,esmax
P4827.jpg,napa
P1266.jpg,m-lucas 10
P0360.jpg,Normant
P1680.jpg,Microgcofi
P0973.jpg,Nystat
P3649.jpg,Diet
P2132.jpg,B126
P2861.jpg,Neuro-B
P4455.jpg,Ceftriaxone
P5028.jpg,mucolyt
P4839.jpg,nalbun-1
P5154.jpg,texit
P4652.jpg,vancomycin
P3843.jpg,Tablet
P3797.jpg,Napa
P3042.jpg,Neuro-B
P4103.jpg,Diet
P3837.jpg,Calbo D
P2663.jpg,Loxodol
P3382.jpg,Actrapid
P0264.jpg,Brezofil
P4244.jpg,Voltalin
P5076.jpg,nexe
P1408.jpg,Nexum Mups
P3280.jpg,Anadol
P2725.jpg,Napa
P1453.jpg,Dexter
P1750.jpg,Neuro-B
P2973.jpg,Rex
P0899.jpg,Barbit
P3972.jpg,Diet
P2173.jpg,Anfuye
P2487.jpg,Voltalin
P2061.jpg,volirac max
P3484.jpg,Emistat
P4898.jpg,emistat
P1457.jpg,Desfviz
P4579.jpg,ceevit
P1213.jpg,Estes
P3622.jpg,Injection
P5572.jpg,monfast
P3940.jpg,Tablet
P4326.jpg,Fexo
P1648.jpg,Neuro-B
P1963.jpg,Arth A max
P0184.jpg,Nexum Mups 20
P4262.jpg,Drop
P4390.jpg,Maxsulin R
P0528.jpg,Nexpro
P2130.jpg,Vineet
P5093.jpg,bilaxe
P3069.jpg,Neuro-B
P4403.jpg,Maxpro
P5086.jpg,domin
P0255.jpg,Periodontitis
P0191.jpg,Termitan
P4833.jpg,windel plus
P4072.jpg,Normal
P3002.jpg,Carulcal D
P0016.jpg,Escilex
P5546.jpg,texit
P3370.jpg,Omeprazole
P4538.jpg,inj
P0189.jpg,Neuroxen
P0487.jpg,Rofixim
P3141.jpg,Rynuxo
P1587.jpg,viglimef
P1931.jpg,Auolac
P0586.jpg,Dexnaaf
P2344.jpg,Norim D
P1499.jpg,Tnplwpln
P4028.jpg,Normal
P1687.jpg,vildamef
P5243.jpg,supp
P4958.jpg,ascoson
P2420.jpg,Rotalac
P2103.jpg,Sperm Core
P2052.jpg,ucof
P0228.jpg,Itokine
P0383.jpg,Montelon
P4799.jpg,xinc b
P3588.jpg,Diet
P2947.jpg,Calboral D
P3362.jpg,Omeprazole
P5022.jpg,tryptin
P5339.jpg,flamex
P0964.jpg,calboral
P5462.jpg,voxbone
P3591.jpg,Injection
P2864.jpg,Lecor
P3470.jpg,Omeprazole
P1604.jpg,Relaxo
P1037.jpg,ostocal
P4128.jpg,Normal
P4120.jpg,Normal
P3669.jpg,Remac
P3640.jpg,Injection
P4311.jpg,Diet
P1252.jpg,Neurolin
P0068.jpg,Rudi 120
P0491.jpg,Algin
P5372.jpg,esohil
P4777.jpg,diet
P5011.jpg,histacin
P1782.jpg,Devixil
P0850.jpg,Lecor
P2138.jpg,Merdir
P1573.jpg,Neuroxen
P4439.jpg,Traxyl
P5112.jpg,deflaxen
P3912.jpg,Tablet
P2386.jpg,Tevox 500
P3177.jpg,Alcet
P3311.jpg,Pethidine
P5326.jpg,toxit
P3468.jpg,Tablet
P0023.jpg,Zimax
P5034.jpg,emi-xit
P2458.jpg,Todol
P4810.jpg,meropen
P0787.jpg,Folzin
P2850.jpg,Algin
P3471.jpg,Injection
P0443.jpg,Itokine
P2876.jpg,Ofran
P5498.jpg,nexe
P2557.jpg,Kibac
P2079.jpg,Reelifr
P2915.jpg,Calcor-D
P2262.jpg,Montene
P3439.jpg,Tablet
P1239.jpg,Coralcalry
P5324.jpg,purisal
P2092.jpg,Dexter
P2121.jpg,Xrlpro
P5331.jpg,alafix
P2139.jpg,Febustat
P3277.jpg,Omep
P1658.jpg,Es
P0760.jpg,Cap. Foldin
P3186.jpg,Renova
P5056.jpg,Clavutil
P2494.jpg,Lelox
P1066.jpg,Denixil
P3171.jpg,Omeprazole
P4171.jpg,Ketorolac
P1536.jpg,Cratuftzr
P1874.jpg,Devixil 0.5
P1990.jpg,Neuroxen
P4487.jpg,supp
P2350.jpg,X-ray
P0347.jpg,Napxon
P0733.jpg,clacef
P2588.jpg,Pauion
P5566.jpg,texit
P1730.jpg,Libidex
P4066.jpg,Tablet
P1031.jpg,doxoven
P0099.jpg,Vonocab
P0546.jpg,Esonix
P4939.jpg,onaseron
P1779.jpg,Zymef Pro
P1415.jpg,Rcef-Dx
P4714.jpg,supp
P5029.jpg,betaloc
P1097.jpg,Zimax
P0050.jpg,CORTAN
P5418.jpg,lactomore
P4576.jpg,voltalin
P1490.jpg,Calboral D
P1884.jpg,Don A
P3807.jpg,Napa
P1905.jpg,Secrin
P2525.jpg,Purisal
P4912.jpg,ointment
P1112.jpg,neurolin
P4949.jpg,omep
P0051.jpg,VASCO
P0937.jpg,calboral
P1385.jpg,Calboral-D
P1126.jpg,Dexter 60
P0281.jpg,Nexe
P5111.jpg,bilaxe
P1869.jpg,Doxoven
P2172.jpg,Tiginor
P1007.jpg,uliv
P3059.jpg,Nexum
P4263.jpg,Diet
P0866.jpg,Montene
P1726.jpg,Rosu
P2703.jpg,Ratinol Forte
P2389.jpg,Zo-mups
P4701.jpg,napa
P3852.jpg,Napa
P4916.jpg,nalbun 2
P3534.jpg,Kacin
P2738.jpg,Roclav
P3543.jpg,Actrapid
P3487.jpg,Tablet
P3635.jpg,Nifin SR
P5406.jpg,ceevit
P3689.jpg,Napa
P1775.jpg,Comficid
P3083.jpg,Calcor-D
P2229.jpg,ofran
P5125.jpg,lactomore
P4581.jpg,xinc b
P5185.jpg,emep
P4191.jpg,Emep
P3727.jpg,Imipenem
P5179.jpg,pronex mups
P5015.jpg,tab
P1533.jpg,Zolhivm 5
P0285.jpg,Тоrах
P1493.jpg,Nabumef
P5554.jpg,texit
P0316.jpg,Ossica
P4379.jpg,Voltalin
P3314.jpg,Napa
P0094.jpg,Mixit
P0355.jpg,Sponocid
P1428.jpg,replastw
P2365.jpg,K-flam
P1538.jpg,Dexter 60
P2765.jpg,Rolac
P4055.jpg,Diabetic
P0280.jpg,Denvar
P4585.jpg,diabetic
P0967.jpg,Esprazo
P1999.jpg,Eslilex 5
P4518.jpg,diet
P3162.jpg,Resfazit
P1329.jpg,Actrafid
P0139.jpg,Scluprud
P0312.jpg,Hemofir FZ
P4300.jpg,Omep
P2640.jpg,Napa One
P4690.jpg,high
P0266.jpg,Monfast
P0936.jpg,Folzin
P3341.jpg,Omeprazole
P3699.jpg,Tablet
P3158.jpg,Napa
P0751.jpg,Neuro B
P0684.jpg,Dexter
P0025.jpg,Panied
P0006.jpg,Asynta
P0889.jpg,Neuro
P3567.jpg,Flucloxacillin
P0162.jpg,Limbix
P5252.jpg,nexe mups
P0823.jpg,Novelon lite
P3351.jpg,Emistat
P2577.jpg,Sanbin
P3992.jpg,Diet
P4288.jpg,Sergel
P3587.jpg,Napa
P3271.jpg,Emistat
P5400.jpg,nexe
P0846.jpg,demelon
P2137.jpg,mecol
P3527.jpg,Emistat
P3908.jpg,Rolac
P0688.jpg,Avolac
P5318.jpg,montene
P1638.jpg,Rupa
P1439.jpg,Farpev
P1816.jpg,Dexter
P5279.jpg,esomix
P4265.jpg,Capsule
P0405.jpg,Bilaxe
P1834.jpg,Algin
P4318.jpg,Capsule
P3077.jpg,Arlin
P4273.jpg,Actrapid
P3033.jpg,Calcor-D
P4126.jpg,Thyrox
P3674.jpg,Meropenem
P2772.jpg,Indo
P2400.jpg,VoxBone
P4689.jpg,o2 inhalation
P1563.jpg,Telfro max
P2376.jpg,Trocar SR
P4972.jpg,voltalin
P2917.jpg,Lecor
P1055.jpg,Barbit
P4043.jpg,Ace
P5024.jpg,clarin
P0788.jpg,Nexum
P5431.jpg,cefotil plus
P4965.jpg,histal
P4404.jpg,Injection
P1603.jpg,Dexter
P4788.jpg,histacin
P1599.jpg,Rosu 10
P3409.jpg,Actrapid
P3249.jpg,Meropenem
P5358.jpg,ostocal
P4773.jpg,nebulization
P0115.jpg,Montelon
P1913.jpg,Ncotion
P0082.jpg,Apeelo
P4521.jpg,tofen
P4274.jpg,Abasaglar
P1503.jpg,Calboral Dx
P2060.jpg,Delfrz
P5168.jpg,napa
P0160.jpg,Levox
P2253.jpg,Fenix-V
P3645.jpg,Injection
P4459.jpg,Diet
P0577.jpg,Methicap
P3920.jpg,Histacin
P4370.jpg,Fluclox
P2728.jpg,Clavutil
P5150.jpg,mofigut
P3950.jpg,Cefuroximee
P3975.jpg,Metronidazole
P2456.jpg,Montelukast
P5548.jpg,monfast
P0458.jpg,xyflo
P1647.jpg,Naprox
P4254.jpg,Fexo
P1430.jpg,Flugal
P3063.jpg,Fenix-V
P1867.jpg,halconl Dx
P2184.jpg,N-MAX
P4515.jpg,cap
P0088.jpg,Apeelo
P3905.jpg,Diet
P4791.jpg,diet
P3639.jpg,Lasix
P4981.jpg,metro
P3424.jpg,Ceftriaxone
P2124.jpg,Zodep
P2963.jpg,Calcor-D
P1740.jpg,Uful Dx
P1682.jpg,Tb. Mccol
P0060.jpg,Maxpro
P0431.jpg,Ecosprin
P1199.jpg,Zymet 
P2639.jpg,Ceevit
P2380.jpg,Orinou-D
P1799.jpg,Dexter
P3143.jpg,Tmiptin
P4984.jpg,ceevit
P0334.jpg,Napxon
P1196.jpg,Clacef
P2144.jpg,Trevox
P2873.jpg,Torax
P5229.jpg,pase
P1917.jpg,Neuroxen
P3031.jpg,Ace
P5532.jpg,efodio
P2852.jpg,Emistat
P2742.jpg,Biloxe
P2784.jpg,Napa
P1899.jpg,Rosu
P4821.jpg,protein
P1529.jpg,Dexter
P3966.jpg,Montair
P2521.jpg,Reto
P3799.jpg,Napa
P4428.jpg,Omeprazole
P5445.jpg,ratinol
P3096.jpg,Meropenem
P2221.jpg,Calcor-D
P0159.jpg,Costan
P3812.jpg,Napa
P0473.jpg,Duoblock
P0999.jpg,sergel
P2868.jpg,Calcor-D
P1117.jpg,Clavusef sw
P5117.jpg,napa
P0472.jpg,Nexe mups
P4830.jpg,histal
P1026.jpg,Coralcal
P1200.jpg,Dexter
P4843.jpg,vasco
P3312.jpg,Emistat
P2831.jpg,Fexo
P0024.jpg,Dexter
P2246.jpg,Othera
P0961.jpg,Nexum
P4527.jpg,omeprazole
P2014.jpg,Feusiv
P2891.jpg,Reef-Dx
P5545.jpg,artica
P3784.jpg,Syrup
P1987.jpg,Cildip
P2041.jpg,Caficid
P1582.jpg,Maxrin 
P3894.jpg,Tablet
P4243.jpg,Suppository
P5315.jpg,pase
P5003.jpg,vasco
P2459.jpg,Xolpro
P3024.jpg,Neuro-B
P3981.jpg,Normal
P2324.jpg,Nexum
P5037.jpg,napa
P2975.jpg,DDR
P4671.jpg,high
P4512.jpg,napa
P1295.jpg,Derolon
P0352.jpg,Alben
P5352.jpg,docopa
P1373.jpg,Biscor max
P1258.jpg,Dexter 60
P4850.jpg,omep
P2401.jpg,Loba-G
P1940.jpg,Norium 5
P0200.jpg,Clavutil
P1058.jpg,algin
P1870.jpg,Dexter
P5263.jpg,ratnol
P5211.jpg,roxadex
P3020.jpg,Novelin lite
P2363.jpg,Cefrid
P0263.jpg,Maxsulin
P4502.jpg,tab
P1833.jpg,Dexter
P0453.jpg,Apeelo
P5298.jpg,emep
P0141.jpg,Indever
P1577.jpg,Rosu  
P0634.jpg,Dexter
P3094.jpg,Neuro-B
P3755.jpg,Tablet
P4135.jpg,Napa
P4696.jpg,inj
P4348.jpg,Injection
P1180.jpg,Wfolil plm
P4156.jpg,Dexcin
P2466.jpg,Tryptin
P2241.jpg,Desolon
P1154.jpg,neelufh
P2969.jpg,Amilin
P3551.jpg,Tablet
P3248.jpg,Niobcard Rtd
P2078.jpg,Devixil
P2257.jpg,Geotrenol
P2086.jpg,Lutilax 24
P1623.jpg,Anstouit
P2308.jpg,Bilista
P4802.jpg,clindacin
P1578.jpg,Devixil
P4185.jpg,Triject
P1244.jpg,Clavusef 
P0081.jpg,Voligel
P1144.jpg,noswua
P4683.jpg,zif-ci
P4031.jpg,Injection
P3559.jpg,Syrup
P5439.jpg,clonapex
P5277.jpg,flurif
P0018.jpg,Setra
P4076.jpg,Paracetamol
P4336.jpg,Insulin R
P0287.jpg,Clonapex
P0630.jpg,Dexter
P1672.jpg,Zollium  
P4519.jpg,cetaclav
P4613.jpg,tab
P2911.jpg,Novelon Lite
P4504.jpg,fenadin
P1683.jpg,Tb. Altaxc
P2567.jpg,Dexnaof
P0816.jpg,Calboral
P3928.jpg,Omeprazole
P1376.jpg,Emlidus
P1993.jpg,Dexter 60
P4356.jpg,Tablet
P1659.jpg,Esprazo
P1560.jpg,Doxoven
P4177.jpg,Emep
P2165.jpg,Nexc
P1756.jpg,Hermoquf
P2268.jpg,Fossical D
P4761.jpg,napa
P3236.jpg,Fexofenadine
P0239.jpg,Zolfin
P2867.jpg,Fenix-V
P3157.jpg,Napa
P3356.jpg,Napa
P1169.jpg,Dexter
P3353.jpg,Fexo
P2779.jpg,Texit
P4754.jpg,budicort
P4716.jpg,high
P4467.jpg,tab
P1707.jpg,Terbia
P4543.jpg,emistat
P0261.jpg,Esmax
P0652.jpg,Naproxen
P4113.jpg,Tablet
P0654.jpg,Dexter
P4454.jpg,Sedil
P5455.jpg,ceevit
P5449.jpg,supp
P2587.jpg,Esmax
P2171.jpg,Ecosprin
P2704.jpg,Fexit
P5437.jpg,lactomore
P3264.jpg,Anlin
P0925.jpg,Calboral
P0465.jpg,Telmiva
P0089.jpg,myolax
P2879.jpg,Neuro-B
P1351.jpg,Greenox
P4241.jpg,Tablet
P0655.jpg,m-lucas 10
P2681.jpg,Apeclo
P2514.jpg,PG
P0182.jpg,Bilax
P4054.jpg,Diet
P4433.jpg,Diet
P4936.jpg,filnet
P4974.jpg,tab
P2621.jpg,Rivotril
P4669.jpg,voltalin
P5283.jpg,flemex
P0836.jpg,Acliz Plus
P4325.jpg,Filmet
P5078.jpg,top
P3606.jpg,Napa
P4641.jpg,ceevit
P2881.jpg,Norestin
P1060.jpg,algin
P0597.jpg,Pantonix
P4215.jpg,Fexo
P0571.jpg,Xiva
P0392.jpg,Bionic
P3378.jpg,Omeprazole
P3819.jpg,Tablet
P3865.jpg,Avolac
P2336.jpg,Esprazo
P5565.jpg,domin
P4853.jpg,high
P3794.jpg,Omeprazole
P2965.jpg,Montene
P3328.jpg,Metronidazole
P1134.jpg,hallornl Dx
P1528.jpg,Avolac
P4588.jpg,omeprazole
P4397.jpg,Histacin
P2497.jpg,Zenup
P4294.jpg,Ceftriaxone
P0106.jpg,Vonocab
P4729.jpg,voltalin
P1770.jpg,Syp Deslor 
P2242.jpg,Mecol
P0944.jpg,Flugal
P2176.jpg,Nexe
P5047.jpg,texit
P5157.jpg,torax
P0064.jpg,N-MAX SO
P4557.jpg,tab
P0496.jpg,Fixgul
P2813.jpg,Nexe
P4100.jpg,Bislol
P2411.jpg,Napa one
P4723.jpg,omep
P5346.jpg,x-dol
P1484.jpg,Calboral
P0560.jpg,Dexnaaf
P3638.jpg,Algin
P2435.jpg,Dezlo
P4367.jpg,Omep
P2606.jpg,Povital
P1936.jpg,Eslilex 5
P1271.jpg,m-lucas 10
P3947.jpg,Diet
P2785.jpg,Xiva
P4594.jpg,xinc b
P1916.jpg,Nonum
P1135.jpg,Don A
P5488.jpg,microgest 
P3269.jpg,Napa
P0399.jpg,Dexnaat
P4626.jpg,inj
P5197.jpg,nexe mups
P0741.jpg,Calboral
P5143.jpg,paveset
P4722.jpg,emistat
P4517.jpg,p/c
P0817.jpg,Folzin
P3818.jpg,Ceftron
P3547.jpg,Kacin
P5569.jpg,texit
P5286.jpg,rolac
P4023.jpg,Telmicard
P3112.jpg,Paracetamol
P4864.jpg,meropenem
P0801.jpg,Barbit
P0305.jpg,Fixgut
P4488.jpg,voltalin
P2943.jpg,Ferix-v
P2843.jpg,Algin
P0276.jpg,Emprelina
P0935.jpg,Microgest
P1793.jpg,Nufw
P4620.jpg,protein
P3138.jpg,Ceftriaxone
P1093.jpg,Asynta
P1671.jpg,Devixil
P1609.jpg,vergun
P1184.jpg,Flucloxin
P2569.jpg,Bexitrol
P0778.jpg,Zimax
P3449.jpg,Capsule
P1552.jpg,Emjard
P0734.jpg,m-lucas 10
P5018.jpg,nexe mvs
P1610.jpg,Zollium 0.5
P1692.jpg,mig
P1164.jpg,Arth-A Max
P0770.jpg,Neuro B
P3137.jpg,Bizoran
P1330.jpg,Calboral Dx
P4587.jpg,nintoin sr
P4789.jpg,voltalin
P3119.jpg,Fexofast
P5505.jpg,nexe
P1168.jpg,Nufvw
P0131.jpg,Apeelo
P1522.jpg,Greenox
P2293.jpg,Calcor-D
P4621.jpg,high
P5479.jpg,nexe mups
P1655.jpg,N-Max
P5485.jpg,femotol
P1657.jpg,Calcor-D
P0913.jpg,Neuro B
P2600.jpg,Cap. zif
P5137.jpg,nexe
P3609.jpg,Napa
P4213.jpg,Omeprazole
P0406.jpg,Dexnaaf
P1832.jpg,uliv
P4569.jpg,protein
P5088.jpg,telmacal
P2479.jpg,Nexe
P4438.jpg,Fluclox
P0375.jpg,Myolax
P2348.jpg,Motigut
P0138.jpg,Montelon
P1379.jpg,Cewfilid
P4596.jpg,abasaglar
P2272.jpg,Cef-B
P3074.jpg,Nexum
P3815.jpg,CBC
P3406.jpg,Napa
P1836.jpg,Biscor 5
P5500.jpg,texit
P2320.jpg,Barbit
P5120.jpg,phylopen
P2007.jpg,Zovic Gold
P2983.jpg,Zesup
P4064.jpg,Tablet
P5166.jpg,ambrox
P3535.jpg,Omeprazole
P2387.jpg,Bilau 20
P3389.jpg,Fimoxyclav
P0063.jpg,Indever
P3495.jpg,Anadol
P1422.jpg,Alfane
P1454.jpg,Rexlife
P4307.jpg,Cortan
P0531.jpg,Sardopa
P1179.jpg,Etorix
P4759.jpg,emistat
P2836.jpg,Ocef
P0687.jpg,Dexter
P3043.jpg,Calcor-D
P2214.jpg,Neuro-B
P4446.jpg,Bizoran
P3748.jpg,Diet
P1045.jpg,gaviflux
P3996.jpg,RBS
P4644.jpg,nalepsin
P3522.jpg,Meropen
P5448.jpg,voltalin
P1173.jpg,feeviu
P1102.jpg,Calboral
P5094.jpg,vonocab
P2498.jpg,Aristovit -B
P4578.jpg,tab
P0819.jpg,viset
P1207.jpg,Dexter
P0213.jpg,Beklo
P4090.jpg,Paracetamol
P2768.jpg,Alect
P0883.jpg,Montene
P1948.jpg,Algin
P2590.jpg,Flux
P4633.jpg,emistat
P2780.jpg,Alcef
P1076.jpg,mig
P3838.jpg,Napa
P2964.jpg,Furocef
P3139.jpg,Napa
P1369.jpg,Tab. Don-A
P0938.jpg,Nexum
P2894.jpg,Flugal
P5264.jpg,lactomore
P4551.jpg,tas
P2276.jpg,Fenix-V
P0604.jpg,escilex
P1982.jpg,Rasiflep
P0478.jpg,Gavinaaf
P4650.jpg,5% dns
P3946.jpg,Omep
P4457.jpg,Voltalin
P2976.jpg,Zimax
P2317.jpg,Fenix-V
P4057.jpg,Ceftriaxone
P3701.jpg,Tablet
P1561.jpg,Lopiren
P0840.jpg,Nexum
P1550.jpg,Prindof
P4032.jpg,Cosec
P5248.jpg,roclav
P0826.jpg,Calbo
P0664.jpg,Neuroxen
P3552.jpg,Emistat
P4034.jpg,Tablet
P0332.jpg,mixit
P4471.jpg,tab
P2151.jpg,Indooref
P5164.jpg,doxiva
P4858.jpg,cosec
P2620.jpg,X-fen
P3720.jpg,Amikacin
P4123.jpg,Capsule
P3421.jpg,Diet
P3082.jpg,Neuro-B
P4199.jpg,Alcet
P5377.jpg,filmet
P4492.jpg,meropenem
P2718.jpg,Torax
P1057.jpg,progest
P1787.jpg,Rofip
P2020.jpg,Dophyllinc
P2951.jpg,Algin
P2112.jpg,voltalin
P1277.jpg,Neuvoxew
P0484.jpg,Raditil
P0962.jpg,Xyril
P1483.jpg,Dexter
P2345.jpg,Fexo 120
P2542.jpg,Anset
P0518.jpg,Normens
P5327.jpg,alafix
P4400.jpg,Rolac
P3636.jpg,Nidipine SR
P4682.jpg,coral cal d
P2574.jpg,Azinel
P4661.jpg,cabergol
P1902.jpg,Dexter
P1928.jpg,Zymef
P2739.jpg,Utromeg
P4413.jpg,Injection
P0179.jpg,Clavutil
P5002.jpg,xinc b
P0776.jpg,Plus
P4112.jpg,Monas
P2571.jpg,Vonacab
P1265.jpg,Biscor
P3801.jpg,ERP
P5270.jpg,etorac
P3309.jpg,Omeprazole
P3084.jpg,Naprox
P0098.jpg,Fylox
P3676.jpg,Napa
P3122.jpg,Bislol
P1030.jpg,m-lucas
P1022.jpg,nutrifil
P2281.jpg,Calcor-D
P0981.jpg,Zymet Pro
P5082.jpg,nexe
P5126.jpg,clonapex
P1773.jpg,Calamine
P1235.jpg,Biscor
P2757.jpg,Neobion
P1103.jpg,Nexe Mups
P2676.jpg,Spilac
P0225.jpg,Duoblock
P2709.jpg,Nexe
P5420.jpg,voltalin
P5342.jpg,esmax
P4375.jpg,Capsule
P4394.jpg,Capsule
P5191.jpg,solupred
P2912.jpg,Esprazo
P2972.jpg,Ferti-Q
P3817.jpg,Napa
P2501.jpg,Nexe
P3983.jpg,Ceftriaxone
P3292.jpg,Omeprazole
P3804.jpg,Vancomycin
P4228.jpg,Omeprazole
P2158.jpg,Pain at calf
P1290.jpg,Cildip 10
P5237.jpg,rechnol
P2315.jpg,Neuro-B
P4425.jpg,Traxyl
P2356.jpg,Nexum Mups
P5127.jpg,voltalin
P0032.jpg,myosit
P0345.jpg,Napa
P3428.jpg,Napa
P1501.jpg,Roxtal XP
P0240.jpg,Coralgue D
P4725.jpg,xinc b
P3863.jpg,Meropenem
P1830.jpg,Cefotil Plus
P1959.jpg,xyril
P3664.jpg,Remac
P1910.jpg,Biscor 5
P2853.jpg,Tyclav
P4119.jpg,Diet
P1554.jpg,Neuroxen
P2697.jpg,Nexe
P3693.jpg,Injection
P3110.jpg,Monas
P3548.jpg,Omeprazole
P4013.jpg,Voltalin
P3198.jpg,Ceftriaxone
P0941.jpg,Acliz Plus
P3695.jpg,Injection
P0002.jpg,Inderen
P3703.jpg,Capsule
P1778.jpg,Nexum
P4531.jpg,antazol
P2201.jpg,Calcor-D
P0548.jpg,herpex
P0207.jpg,Rosuva 5
P2614.jpg,Ace Power
P3156.jpg,Matina
P1412.jpg,cefotil plus
P3472.jpg,Ceftriaxone
P2828.jpg,Clofenal
P0386.jpg,Dexnaaf
P4042.jpg,Tablet
P4354.jpg,Ansulin  
P5472.jpg,fixgut
P4346.jpg,Dexamethason
P4583.jpg,histacin
P2979.jpg,Broxolite
P3691.jpg,Diet
P0957.jpg,Nystat
P1568.jpg,Dexfacar
P1965.jpg,Neuroxen
P3782.jpg,Injection
P2073.jpg,clavusef
P5477.jpg,fixalrt
P4347.jpg,Roxadex
P3493.jpg,Emistat
P3970.jpg,Tablet
P0526.jpg,Feup
P0365.jpg,Apeclo
P2001.jpg,Don A
P5319.jpg,fexo
P3159.jpg,Cafixim
P0746.jpg,naprox
P4017.jpg,Histal
P3910.jpg,Fluclox
P3542.jpg,Omeprazole
P3914.jpg,Xinc B
P1072.jpg,nexum
P1469.jpg,Neurolin
P5478.jpg,loba-g
P5531.jpg,torax
P2854.jpg,Tory
P4049.jpg,Brain.V
P4630.jpg,inj
P0945.jpg,Nexum
P4806.jpg,emistat
P4451.jpg,Ketorolac
P0232.jpg,Sup. Apelz
P3775.jpg,Emistat
P4514.jpg,flucloxacillin
P3857.jpg,Napa
P4618.jpg,histacin
P0681.jpg,Dexter
P3302.jpg,Voltalin
P5349.jpg,texit
P3228.jpg,Omep
P0497.jpg,Rolac
P1029.jpg,drise
P0331.jpg,Telmocal
P2863.jpg,Flugal
P4924.jpg,histacin
P2982.jpg,Aristovit-B
P4443.jpg,Thyrox
P2560.jpg,Nalbun
P4450.jpg,Omeprazole
P4423.jpg,Capsule
P2118.jpg,Montelm
P4708.jpg,emistat
P0090.jpg,Nervion
P1354.jpg,Actrafid
P3367.jpg,Ceftriaxone
P3358.jpg,Omeprazole
P0020.jpg,palpitation
P0527.jpg,Cidex
P1827.jpg,Cildip
P2366.jpg,Seko Polem
P3444.jpg,Diet
P5365.jpg,don-a
P1885.jpg,Pama Serg
P1804.jpg,Dexter
P4291.jpg,Voltalin
P2820.jpg,Cildip
P4856.jpg,liberts
P1742.jpg,Eggcal
P0711.jpg,Dexter
P2433.jpg,Nexe mups
P1227.jpg,Dexter 60
P1070.jpg,Fenadin
P4586.jpg,tab
P0674.jpg,Napa
P4045.jpg,Fexofast
P3719.jpg,Ceftadixime
P4037.jpg,Omidon
P4704.jpg,5% dns
P5394.jpg,flamyd
P4976.jpg,ceevit
P2653.jpg,Luminus
P4624.jpg,inj
P5223.jpg,faropen
P3742.jpg,Drop
P0965.jpg,Farofew
P0595.jpg,Voltalin
P2421.jpg,Luminus
P2342.jpg,Clavutil
P4595.jpg,actrapid
P1835.jpg,Eslilex 5
P4222.jpg,Normal
P1697.jpg,Inxo-A
P2461.jpg,Mecol
P4121.jpg,Ceftriaxone
P4384.jpg,Stemetil
P2701.jpg,Ceevit
P0779.jpg,Neuro
P1622.jpg,Dexter 60
P1175.jpg,Neuvoxew
P1693.jpg,cefotil
P1732.jpg,Estes
P3225.jpg,Abasaglar
P0874.jpg,Neuro
P4275.jpg,Diet
P3722.jpg,CBC
P1500.jpg,vurocare S R
P3465.jpg,Omidon
P5323.jpg,flamyd
P1308.jpg,Tab. Amitip
P2901.jpg,Zimax
P5183.jpg,fuclav
P4074.jpg,Cefuroxime
P5161.jpg,lactomore
P2880.jpg,Calcor-D
P1417.jpg,Beklo
P2027.jpg,Algin
P1761.jpg,filmef
P4481.jpg,tab
P0589.jpg,Delanix
P5471.jpg,neuro-b
P1325.jpg,Filwef
P2506.jpg,Nexum
P2445.jpg,Lacto
P3927.jpg,Rolac
P5162.jpg,relentus
P4344.jpg,Ibuprofen
P0144.jpg,Dexnaaf
P0959.jpg,Escilex
P1571.jpg,Neurolin
P3241.jpg,Anodol
P3363.jpg,Anadol
P2016.jpg,figfimef
P1432.jpg,rofnp
P0559.jpg,Ceevit
P1845.jpg,Nonum
P0904.jpg,Seclo
P5116.jpg,esmax
P4603.jpg,inj
P1551.jpg,Bisoren 5
P3861.jpg,Napa
P1613.jpg,Cap. ESONEX
P5435.jpg,apuldon
P1842.jpg,Neuroxen
P3684.jpg,CRP
P2745.jpg,Xyflo
P4678.jpg,p/c
P4148.jpg,Maxima
P3589.jpg,Ceftriaxone
P0557.jpg,Nexe
P3251.jpg,Omeprazole
P2015.jpg,Actrafid
P5370.jpg,raditil
P1566.jpg,m-lucas 10
P2026.jpg,Zymef Pro
P3041.jpg,Lecor
P3671.jpg,Napa
P4278.jpg,Demoxiclav
P0786.jpg,calboral
P2388.jpg,Xiva
P4322.jpg,Diet
P1228.jpg,Montene
P4029.jpg,Ceftriaxone
P1436.jpg,HPR DS
P5543.jpg,tofen
P0653.jpg,Salost
P2791.jpg,Ceevit
P0066.jpg,Domin
P1278.jpg,mirata
P2472.jpg,Pronex
P0919.jpg,Calboral
P4525.jpg,normal
P5201.jpg,axon
P1320.jpg,replastw
P4616.jpg,xinc b
P3478.jpg,Omeprazole
P2597.jpg,Bactrosin 
P4261.jpg,Nasal 
P3432.jpg,Actrapid
P0363.jpg,Vonocab
P2565.jpg,Xylio
P5213.jpg,nexe
P4938.jpg,nexpro
P4815.jpg,xinc 
P1129.jpg,hulilax 24
P1212.jpg,Endurex
P0995.jpg,zithrox
P4036.jpg,Sergel
P2790.jpg,Omidon
P1481.jpg,Arth A Max
P0507.jpg,Amilin
P5503.jpg,nexe
P1473.jpg,Dexter
P0153.jpg,Tuspel
P5302.jpg,nuloc
P5207.jpg,nexe
P4190.jpg,Aropen
P5040.jpg,monas
P5459.jpg,voltalin
P4794.jpg,nalbun
P1336.jpg,Xanra
P0633.jpg,Glymed
P1926.jpg,pregmo
P1475.jpg,Neuroxen
P4217.jpg,Diet
P3075.jpg,Algin
P0366.jpg,Prestel
P4225.jpg,Tablet
P0001.jpg,Nexcital
P1331.jpg,Proindof
P0552.jpg,Seko
P2661.jpg,Spilac
P4205.jpg,Ceftriaxone
P5232.jpg,afix
P1611.jpg,Devixil 0.5
P3798.jpg,Syrup
P1506.jpg,Flexinor
P5560.jpg,domin
P2279.jpg,Algin
P5098.jpg,bilaxe
P4769.jpg,ointment
P0949.jpg,Epitra
P1297.jpg,Cap.Fusprazo
P1464.jpg,Eslilex
P5269.jpg,liquid
P2687.jpg,Ruchigold
P1766.jpg,PPI
P1352.jpg,Dexter
P2523.jpg,Texit
P5215.jpg,merrobe
P3756.jpg,Algin
P1772.jpg,Cyclorox
P0984.jpg,finix
P4052.jpg,Syrup
P2094.jpg,Algin
P1123.jpg,Paloxi
P2629.jpg,Navilum
P0637.jpg,methomol
P2208.jpg,Nexum Mups
P1545.jpg,Dexter 60
P3315.jpg,Voltalin
P5411.jpg,supp
P5060.jpg,nexe
P4966.jpg,toco
P0409.jpg,Montelon
P0713.jpg,m-lucas 10
P4109.jpg,Tablet
P4606.jpg,emistat
P1811.jpg,m-lucas
P2644.jpg,Bilan
P0754.jpg,Calboral
P0358.jpg,Purtisol
P1310.jpg,Tab. Deap
P2450.jpg,Fixgut
P4971.jpg,omeprazole
P3881.jpg,Seclo
P4067.jpg,Ecosprin
P3333.jpg,Voltalin
P3224.jpg,Actrapid
P0581.jpg,Fixocard
P5096.jpg,ointment
P3993.jpg,Flux
P5355.jpg,alafix
P4342.jpg,Ronem
P1774.jpg,xyril
P2116.jpg,Learxir
P3192.jpg,Napa
P2806.jpg,Fixgut
P1377.jpg,Bex 10
P1350.jpg,Filwef
P4312.jpg,Injection
P1079.jpg,Dexter
P1104.jpg,Neuro B
P1091.jpg,Dexter
P0737.jpg,Amlip
P3599.jpg,Syrup
P3943.jpg,Ketorolac
P2352.jpg,K2cal
P4885.jpg,napa
P3242.jpg,Napa
P3125.jpg,Omeprazole
P4143.jpg,Maxima
P2024.jpg,Profrauof
P5202.jpg,flamyd
P4809.jpg,liberts
P2553.jpg,Maxigam E/D
P1547.jpg,Dexter 60
P0563.jpg,viodin
P0689.jpg,Toramax
P0035.jpg,Dextal
P5046.jpg,xinc b
P2817.jpg,Don-A
P3343.jpg,Napa
P1952.jpg,vildamef
P2442.jpg,Nexe
P2150.jpg,Febun
P1564.jpg,Biscor 5
P2630.jpg,Plagrin
P1187.jpg,Dexter
P3371.jpg,Ceftriaxone
P2299.jpg,Neuro-B
P5307.jpg,nexe mups
P4648.jpg,protein
P0393.jpg,Napa
P0808.jpg,Folzin
P4068.jpg,Capsule
P3004.jpg,Rolac
P4412.jpg,Ceftriaxone
P2643.jpg,Ceevit
P2570.jpg,Raditil
P2939.jpg,Algin
P3436.jpg,Omeprazole
P4187.jpg,Injection
P5382.jpg,voltalin
P0275.jpg,Dexter
P5367.jpg,torax
P3614.jpg,Syrup
P5149.jpg,valix CR
P1664.jpg,Napa Extend
P2448.jpg,Napa one
P0806.jpg,Arnitip
P3581.jpg,Injection
P1734.jpg,vigorey
P0333.jpg,Rodiflex
P4303.jpg,Ceevit
P0880.jpg,Mups
P2845.jpg,Neuro-B
P4327.jpg,Tablet
P0462.jpg,Adora
P2989.jpg,Omidon
P2292.jpg,Neuro-B
P5540.jpg,exium
P4584.jpg,diet
P3124.jpg,Paracetamol
P0946.jpg,Naprox
P4447.jpg,Ceftriaxone
P5227.jpg,napa
P3058.jpg,Flugat
P1406.jpg,Tab. CEEVIX
P3211.jpg,Montinex
P3845.jpg,Capsule
P4592.jpg,vitabin
P3076.jpg,Neuro-B
P0371.jpg,Anustat
P1679.jpg,zerup
P0295.jpg,Texit
P1996.jpg,Greemox
P5135.jpg,loba-g
P5181.jpg,fixgut
P2683.jpg,Nervion
P2993.jpg,Calcor-Dx
P4968.jpg,ceftriaxone
P4198.jpg,Tablet
P2844.jpg,Garcon
P1542.jpg,Cildip 10
P3578.jpg,Napa
P0892.jpg,epitra
P1470.jpg,Sofbian
P2659.jpg,Rolac
P4893.jpg,emistat
P2067.jpg,Arth A max
P5452.jpg,nexe mups
P4672.jpg,protein
P2233.jpg,Calcor-D
P0758.jpg,Neuro-B
P1000.jpg,celebrex
P3263.jpg,Voltalin
P0895.jpg,Folzin
P5529.jpg,liquid
P1384.jpg,Tb. Anginta
P2467.jpg,Trevox
P0297.jpg,Nexe
P3126.jpg,Fexofast
P2632.jpg,Paloven
P0974.jpg,Setra
P3931.jpg,Voltalin
P2543.jpg,Nexe
P1729.jpg,Ubi Core
P2379.jpg,Zo-mups
P2803.jpg,Spilac
P2354.jpg,Axim CV
P4804.jpg,vasco
P3132.jpg,Traxyl
P0703.jpg,Biscor
P1434.jpg,Velcal
P1691.jpg,Prindof
P1359.jpg,Neurolin
P0246.jpg,Ambrox
P1327.jpg,Dexter
P3781.jpg,Neurocet
P2444.jpg,Liprolin
P4108.jpg,Omeprazole
P2859.jpg,Esprazo
P5350.jpg,texit
P4462.jpg,Metro
P1107.jpg,Montelon
P2888.jpg,Deslor
P0221.jpg,Elodep 5
P0918.jpg,Neuro
P2952.jpg,Neuro-B
P5020.jpg,metaconil
P1257.jpg,Eslilex 5
P3257.jpg,Niobcard Rtd
P3768.jpg,Nebulization
P3688.jpg,Nebulization
P0636.jpg,Neuroxen
P4377.jpg,Tablet
P2263.jpg,Neuro-B
P2935.jpg,Calbo-D
P3133.jpg,Montelukast
P4129.jpg,Tablet
P1005.jpg,algin
P5239.jpg,novonil
P0319.jpg,mixit
P3985.jpg,Rolac
P2069.jpg,Neuroxen
P1487.jpg,Lubilex
P3188.jpg,Ceevit
P2305.jpg,E-gel 200Iu
P1877.jpg,Cildip
P4905.jpg,napa
P0212.jpg,Zolfin
P1054.jpg,Folita 5
P4501.jpg,tryptin
P0549.jpg,Indo
P0515.jpg,Atozen
P4069.jpg,Hepanor
P2413.jpg,Ascobex
P2091.jpg,Ceevit
P3459.jpg,Napa
P4561.jpg,syp
P0327.jpg,Vonocab
P0112.jpg,Napronex
P3010.jpg,Othera
P2751.jpg,Flenex Dew
P1685.jpg,Esotid Mups(zx)
P4406.jpg,Capsule
P0606.jpg,Zimax
P4757.jpg,levofloxacin
P2675.jpg,Alcet
P5287.jpg,progut
P2280.jpg,Nexum
P3097.jpg,Metronidazole
P3776.jpg,Histacin
P4296.jpg,Suppository
P1185.jpg,Toramex
P3767.jpg,Napa
P4873.jpg,meropenem
P5214.jpg,microgest
P0707.jpg,Estes
P4932.jpg,supp
P2984.jpg,Esprazo
P0642.jpg,lanolin
P4597.jpg,furoclav
P1933.jpg,GTN
P4967.jpg,ceftriaxone
P0992.jpg,mouthwash
P4310.jpg,Cotson
P3891.jpg,Ketorolac
P0909.jpg,Folzin
P5133.jpg,becobion
P3607.jpg,Ceftriaxone
P1748.jpg,Dexilend
P0561.jpg,Bilaxe
P2638.jpg,Filmet
P2781.jpg,Deromax estam
P2677.jpg,Lacto
P3413.jpg,V-plex
P1651.jpg,ferix-v
P1479.jpg,Nafumef
P4011.jpg,Omeprazole
P1628.jpg,Flugal
P5145.jpg,nexe mups
P0662.jpg,fexo
P4414.jpg,Omeprazole
P0293.jpg,Xinc B
P3071.jpg,Montene
P1116.jpg,Dexter
P0740.jpg,folzin
P5518.jpg,liquid
P1150.jpg,Cildnp
P0155.jpg,Follison
P2835.jpg,Nexum
P2486.jpg,Nexe
P0639.jpg,Dexter
P2216.jpg,Esprozo
P4184.jpg,Hartman
P1515.jpg,Indover 10
P4478.jpg,Fluclox
P5487.jpg,collagen-d
P4552.jpg,zinc b
P3823.jpg,Proliv
P2157.jpg,Knee joints
P5553.jpg,alafix
P3786.jpg,Micoral gel
P0615.jpg,Dexter
P4235.jpg,Tablet
P4570.jpg,cefazid
P4365.jpg,Normal
P2398.jpg,Voltalin
P0643.jpg,m-lucas 10
P5373.jpg,nervion
P0321.jpg,Itogut
P4991.jpg,xinc b
P5238.jpg,lactomore
P2059.jpg,Neuroxen
P3716.jpg,Avolac
P0370.jpg,Ezytake
P3289.jpg,Rolac
P4025.jpg,Tablet
P4277.jpg,Tablet
P4240.jpg,Omeprazole
P2372.jpg,Dueblock 5
P3833.jpg,Cotrim
P2373.jpg,Nexe mups
P3051.jpg,Neuro-B
P2002.jpg,xinc B
P1890.jpg,m-lucas
P2733.jpg,Fexit
P2326.jpg,Zimax
P5555.jpg,texit
P3926.jpg,Histacin
P1477.jpg,Dexter
P0558.jpg,Arlin
P1932.jpg,Ecosprin
P0444.jpg,Nexum Mups 20
P5495.jpg,finix
P2147.jpg,Frenxil
P3293.jpg,Emistat
P1840.jpg,Anfrocef
P2619.jpg,Telfast
P2848.jpg,Filmet
P3111.jpg,Ceftriaxone
P1624.jpg,Nexum
P4426.jpg,Fexofenadinee
P5442.jpg,pronex
P2093.jpg,Fasid Plus
P2689.jpg,Esoral
P2117.jpg,Doximev
P1991.jpg,Rohuf
P4381.jpg,Tablet
P3616.jpg,Syrup
P1356.jpg,Prindof
P1255.jpg,Suzyme
P0851.jpg,Amitip
P3044.jpg,Calcor-Dx
P3135.jpg,Thyrox
P1395.jpg,D-cop
P2364.jpg,Maxima
P4906.jpg,ceevit
P5388.jpg,ratinol
P4449.jpg,Injection
P3163.jpg,Minnate
P0522.jpg,Algin
P5516.jpg,calboral
P4730.jpg,5% dns
P5402.jpg,phylopen
P0384.jpg,Bilaxe
P4781.jpg,5% dns
P3580.jpg,Ceftriaxone
P3385.jpg,Ketorolac
P0690.jpg,Relentus
P3255.jpg,Clopid
P2367.jpg,Keto
P3253.jpg,Anadol
P0777.jpg,Dekalin
P4058.jpg,Metro
P0926.jpg,Nexum
P4945.jpg,histacin
P0151.jpg,Neurou
P1546.jpg,Neuro A Plw Sw
P0423.jpg,Itokine
P5019.jpg,dulox
P4684.jpg,windel plus
P1172.jpg,Glymfa
P5189.jpg,liquid
P4399.jpg,Tablet
P0607.jpg,Dexter
P2256.jpg,Neuro-B
P0480.jpg,Nopxon
P0956.jpg,мicrogent
P4778.jpg,high
P2671.jpg,Ferix-V
P1498.jpg,Neurolin 10
P0921.jpg,Epitra
P2082.jpg,lutilax
P4861.jpg,vasco
P4637.jpg,inj
P3811.jpg,Omeprazole
P1363.jpg,Tab. Arislovit-B
P4743.jpg,diet
P0486.jpg,Prestel
P0802.jpg,Flugal
P1980.jpg,Delfmz
P1276.jpg,Tomdolin
P2231.jpg,Amitip
P0783.jpg,A-fun
P4770.jpg,drop
P4937.jpg,napa
P2484.jpg,Nexe
P2154.jpg,Synogen
P0982.jpg,algin
P1010.jpg,Dexter
P2899.jpg,Ferix-v
P1710.jpg,tomy
P0036.jpg,Thyrox
P2679.jpg,Fixgut
P3556.jpg,Solupred
P1939.jpg,Myolax
P4073.jpg,Tablet
P2913.jpg,Naprox plus
P5301.jpg,texit
P2424.jpg,Maxuline-R
P3565.jpg,Ceftriaxone
P2369.jpg,Elodep 5
P4231.jpg,Suppository
P2087.jpg,Auolac
P4986.jpg,napa
P3602.jpg,Fluclox
P0983.jpg,Paloxi
P1736.jpg,Seruh Mups
P1050.jpg,Bislol
P0265.jpg,Adovas
P1846.jpg,Calboral
P0073.jpg,Apeelo
P3160.jpg,Maxima
P5244.jpg,dextac
P1612.jpg,TAB. BEKLO
P3512.jpg,Fimoxyclav
P3304.jpg,Rolac
P5249.jpg,nexe
P3951.jpg,Paracetamol
P3102.jpg,Metro 
P0132.jpg,Prestal
P2329.jpg,Geoton
P2213.jpg,Garcon
P2819.jpg,Geslon
P1358.jpg,Enjard
P2865.jpg,Fentizol
P4095.jpg,Tablet
P3287.jpg,Nalbun 
P4886.jpg,histacin
P0725.jpg,Bislol
P1626.jpg,Nuvifer
P5169.jpg,vasco
P4589.jpg,tab
P4707.jpg,nalbun 2
P1362.jpg,Peli. Derolon
P1642.jpg,Ferix-V
P2694.jpg,Calboral Dx
P0097.jpg,Povital
P1600.jpg,Calboral Dx
P4044.jpg,Tablet
P1806.jpg,Etorix
P4638.jpg,napa
P4182.jpg,Insulin R
P4840.jpg,emistat
P1068.jpg,m-lucas
P4251.jpg,Rolac
P4915.jpg,ceftazidime
P1973.jpg,Xinc
P3550.jpg,Capsule
P0123.jpg,Ezylife
P4657.jpg,omeprazole
P3692.jpg,Normal
P0447.jpg,pantonix
P1218.jpg,Norium
P3764.jpg,RBS
P3230.jpg,Ketorolac
P1961.jpg,Phauolid Soaf
P5292.jpg,montelon
P0495.jpg,Nexe
P3296.jpg,Meropenem
P2914.jpg,Neuro-B
P1530.jpg,Algin
P5361.jpg,flux
P3896.jpg,Fluclox
P3149.jpg,Napa
P4117.jpg,Tablet
P4694.jpg,syp
P4201.jpg,Tablet
P5330.jpg,purisal
P2971.jpg,Rephaston
P1293.jpg,Dexter
P3114.jpg,Fexofenadine
P1907.jpg,Sefr
P3517.jpg,Injection
P1822.jpg,Dexter
P1246.jpg,Dexter
P2887.jpg,Xylin
P1625.jpg,Flugal
P0824.jpg,Seclo
P2647.jpg,Flubex
P4001.jpg,Syrup
P3407.jpg,Omeprazole
P1637.jpg,Dexilend
P4857.jpg,napa
P4890.jpg,nebulization
P1342.jpg,Menoral
P1305.jpg,Tab. Beklo
P2218.jpg,Esprazo
P4150.jpg,Tablet
P0773.jpg,Montene
P1709.jpg,Aximcy
P2878.jpg,Amitip
P0219.jpg,Cor algen-D
P0315.jpg,Feup
P1025.jpg,Revocit
P3286.jpg,Omeprazole
P3897.jpg,Capsule
P4051.jpg,Fluma
P0916.jpg,Seclo
P1633.jpg,Calboral-D
P3492.jpg,Anadol
P2296.jpg,Doxiva
P0940.jpg,Neuro
P5241.jpg,fixgut
P2732.jpg,Esomax
P1234.jpg,uliv150
P0301.jpg,Seko
P3061.jpg,Calcor-D
P5052.jpg,texit
P3288.jpg,Vergon
P2650.jpg,Filofer
P1950.jpg,plaqriw plus
P3919.jpg,Tablet
P0534.jpg,Loxodol
P5069.jpg,top
P4233.jpg,Diet
P3240.jpg,Emistat
P5175.jpg,maxdol
P3216.jpg,Fexo
P0708.jpg,Setra
P4954.jpg,supp
P0821.jpg,Barbit
P5401.jpg,axim
P3247.jpg,Tiginor
P1634.jpg,Flugal
P1372.jpg,Ecoxib
P0245.jpg,Trilock
P3705.jpg,Tablet
P1138.jpg,Omastin
P1221.jpg,Peridon
P0830.jpg,Amitip
P0755.jpg,folzin
P4816.jpg,nalbun-1
P2115.jpg,Rosetn
P2735.jpg,Esomax
P0152.jpg,Trypt
P1511.jpg,Carbimazofe
P4168.jpg,Metro
P1942.jpg,Aaxius
P0838.jpg,Fenix-v
P0742.jpg,esprazo
P3902.jpg,Tablet
P0605.jpg,Analac
P0432.jpg,Rosuva
P5251.jpg,todol
P1785.jpg,Doxoven
P1829.jpg,m-lucas
P3628.jpg,Ceftriaxone
P0596.jpg,Telmivas
P3697.jpg,Injection
P1977.jpg,Nexum mups
P4062.jpg,Tablet
P0620.jpg,Panaseng
P3055.jpg,MaxPro
P1478.jpg,Bisoren
P0254.jpg,Macrobac
P4768.jpg,t-mycin
P4124.jpg,Traxyl
P2385.jpg,DDR 30
P0635.jpg,ropitor
P1621.jpg,Calboral Dx
P3115.jpg,Montelukast
P1976.jpg,Asynta max
P3259.jpg,Meropenem
P4308.jpg,Maxpro
P1781.jpg,Dexter
P0419.jpg,Bilaxe
P4133.jpg,Lindac
P0803.jpg,Naprox
P5130.jpg,nexe
P3429.jpg,Diabetic
P0550.jpg,Nexe
P4098.jpg,Thyrox
P1222.jpg,neclufe
P2875.jpg,Dexilend
P1589.jpg,Neurolin
P0385.jpg,Dexila
P5360.jpg,vonocab
P5101.jpg,rbc
P4943.jpg,napa
P0076.jpg,Mixit
P2535.jpg,Pirulin
P0395.jpg,Tajenta
P2351.jpg,Esprazo
P1020.jpg,viglimet
P3380.jpg,Xinc B
P2787.jpg,Flamyd
P1282.jpg,Algin
P3659.jpg,Ceftriaxone
P2692.jpg,Ceevit
P1162.jpg,xinc B
P0686.jpg,DON A
P1714.jpg,Detfacf
P4468.jpg,Biscor
P1480.jpg,Rasiflex
P0058.jpg,FEXO
P5474.jpg,moxibac
P2934.jpg,Fenix-V
P1516.jpg,Dexter 60
P4604.jpg,ceftazidime
P1388.jpg,Tb. Torax
P0427.jpg,Bilau
P2159.jpg,Uric Acid
P0253.jpg,Nexum Mups 20
P0459.jpg,Tuspel
P4105.jpg,Tablet
P1407.jpg,Tab. Neobean
P0083.jpg,Radifil
P1859.jpg,Neuroxen
P1851.jpg,Pama Serg
P2551.jpg,Nexe
P3026.jpg,Calcor-D
P1442.jpg,Povifep
P2933.jpg,Fossical D
P1848.jpg,mig
P5345.jpg,esmax
P3027.jpg,Neuro-B
P4874.jpg,nalbun-2
P5156.jpg,esonix
P1141.jpg,Deixil
P1152.jpg,Dexter
P0968.jpg,reelife
P2022.jpg,Biscor
P3332.jpg,Emistat
P4131.jpg,Biltin
P2702.jpg,Torax
P2956.jpg,Esprazo
P1592.jpg,Dexter 60
P0762.jpg,Nexum
P4681.jpg,histacin
P3831.jpg,Napa
P1461.jpg,Don A
P1817.jpg,Detfacf
P4848.jpg,liberts
P2774.jpg,Monas
P1086.jpg,Denixil
P1519.jpg,Don A
P2575.jpg,Napa Extend
P1062.jpg,napro
P4189.jpg,Injection
P4697.jpg,Ceftriaxone
P4097.jpg,Tablet
P2788.jpg,Remmo
P4474.jpg,cap
P1153.jpg,Deixil
P2625.jpg,Unomax
P5308.jpg,napa
P1559.jpg,m-lucas 10
P3704.jpg,Flugal
P3246.jpg,Clopid
P5114.jpg,kinate
P1120.jpg,Delfian
P3665.jpg,Napa
P5128.jpg,nexe
P0517.jpg,Mixit
P5225.jpg,rosv
P4867.jpg,nalbun-2
P5174.jpg,texit
P1975.jpg,Algin
P0463.jpg,Nexe
P1962.jpg,Temlonil
P4258.jpg,Maxpro
P3067.jpg,Calcor-D
P0452.jpg,Esohil
P3655.jpg,Injection
P4382.jpg,Revert
P5413.jpg,phylopen
P2601.jpg,Azinil
P2712.jpg,Xamic
P1591.jpg,Roswva 10
P1876.jpg,Dexter
P2814.jpg,Torex
P1649.jpg,Calbo-D
P3118.jpg,Omeprazole
P2539.jpg,Texit
P5492.jpg,microgest 
P3237.jpg,Glyset vita
P2936.jpg,Nexum
P2205.jpg,Neuro-B
P4421.jpg,Normal
P3243.jpg,Paloxi
P0201.jpg,Trilock 10
P0828.jpg,Flugal
P3174.jpg,Doxicap
P4962.jpg,onaseron
P1886.jpg,Cowficid
P4961.jpg,maxpro
P0665.jpg,m-lucas 10
P3675.jpg,Injection
P2871.jpg,Neuro-B
P0839.jpg,Calboral-DX
P4744.jpg,megaba
P0666.jpg,Naproxen
P2399.jpg,Clavutil
P2996.jpg,Barbit
P1981.jpg,Namefon
P0600.jpg,Disopan
P2770.jpg,Ceevit
P4654.jpg,napa
P3366.jpg,Omeprazole
P0795.jpg,Calboral
P0014.jpg,Algin
P2267.jpg,Becobion
P1232.jpg,Movafllfj
P0657.jpg,Ecosprin
P0882.jpg,zimax
P5571.jpg,ponsal
P3740.jpg,Micoral gel
P1204.jpg,Vidamef
P5405.jpg,fixgut
P3445.jpg,Capsule
P4409.jpg,Injection
P3336.jpg,Omeprazole
P4881.jpg,nebulization
P2109.jpg,Ovit-A
P0556.jpg,Indo
P3485.jpg,Rivarox
P0650.jpg,Combicid
P0185.jpg,ocof
P3090.jpg,Neuro-B
P4083.jpg,Lumona
P0034.jpg,Torat
P3562.jpg,Omeprazole
P2167.jpg,Doxicap
P0474.jpg,Inderal
P1708.jpg,Nexum
P4964.jpg,vasco
P3426.jpg,Emistat
P4993.jpg,ceevit
P1113.jpg,neuroxen
P4625.jpg,ceftazidime
P2195.jpg,Sperm Core
P1065.jpg,arth
P3596.jpg,Meropenem
P2443.jpg,Myolax
P4790.jpg,supp
P1579.jpg,Dexter
P0211.jpg,Clavutil
P2462.jpg,Merdin
P1558.jpg,Ecosprin Plus
P3575.jpg,Injection
P0834.jpg,Nexum
P4140.jpg,Napa
P4463.jpg,Unatin
P0296.jpg,Fixgut
P4009.jpg,Rolac
P4765.jpg,xinc b
P2795.jpg,Efedio
P3572.jpg,Syrup
P3501.jpg,Injection
P5273.jpg,gascon
P1934.jpg,m-lucas
P3321.jpg,Voltalin
P3810.jpg,Morphin
P0590.jpg,Torax
P2355.jpg,Flucloxin
P3175.jpg,Trerox
P3483.jpg,Nalbun - 2
P3233.jpg,Voltalin
P4748.jpg,omeprazole
P3788.jpg,Nasal
P3173.jpg,M.kant
P0017.jpg,Traxy 500
P1334.jpg,Neurolin
P3325.jpg,Emistat
P4854.jpg,protein
P0647.jpg,Nameton
P2207.jpg,Gerlon
P4911.jpg,budicort
P4385.jpg,Diet
P3877.jpg,Tablet
P5262.jpg,omidon
P3049.jpg,Naprox
P5551.jpg,texit
P4762.jpg,solupred
P5255.jpg,nexe 
P0172.jpg,Brezofil
P4651.jpg,meropenem
P1531.jpg,Biscor 5
P1371.jpg,Tab. cifotil plus
P0178.jpg,Coragen-D
P5537.jpg,emep
P0147.jpg,Clavutil
P0673.jpg,Fenadin
P1423.jpg,Defcalivo
P3540.jpg,Meropenem
P0504.jpg,Algin
P1718.jpg,cap. Esprazo
P5113.jpg,vonocab
P3600.jpg,Valex
P0896.jpg,Nexe mups
P3930.jpg,Ceevit
P0864.jpg,Algin
P1366.jpg,Tab. Neuro-B
P5430.jpg,voltalin
P3539.jpg,Voltalin
P1294.jpg,Calboral
P2191.jpg,Rolae
P1036.jpg,Revocit
P4041.jpg,Pantonix
P2095.jpg,Cildip 5
P3284.jpg,Ceftriaxone
P4223.jpg,Tablet
P4755.jpg,5% dns
P2923.jpg,Montene
P4736.jpg,nalbun 2
P0829.jpg,Lecor
P3582.jpg,Injection
P3751.jpg,Ursocol
P4529.jpg,normal
P0101.jpg,Telmacal
P3530.jpg,Tablet
P4795.jpg,emistat
P2495.jpg,Defalin
P4335.jpg,Napa
P4685.jpg,budicort
P2994.jpg,Nexum
P0932.jpg,Nexum
P4106.jpg,Paracetamol
P5124.jpg,ceevit
P2613.jpg,Festam gel
P1038.jpg,maxpro
P1216.jpg,Telfro max
P1871.jpg,verqon
P1241.jpg,Delcalen
P1240.jpg,Cfe Maxfee
P3144.jpg,Lindac
P2652.jpg,Rotalac
P4246.jpg,Normal
P3232.jpg,Histacin
P5009.jpg,p/c
P3667.jpg,Tablet
P2076.jpg,Paloxi
P1465.jpg,m-lucas
P0993.jpg,Bislol
P4542.jpg,inj
P5027.jpg,t-mahon
P0856.jpg,Esprazo
P1446.jpg,Bisnen2.5
P3053.jpg,Meffo
P4982.jpg,renova
P3146.jpg,Napa
P4227.jpg,Capsule
P2314.jpg,Omidon
P5006.jpg,diabetic
P4172.jpg,Injection
P2325.jpg,Algin
P5165.jpg,monfast
P3411.jpg,Emistat
P5340.jpg,Macrobac
P0865.jpg,zimax
P1747.jpg,Tab. Calbo
P2247.jpg,Normens
P1382.jpg,lullonl Dx
P0712.jpg,E-vit
P2482.jpg,Bron Wash
P0317.jpg,Esohil
P3227.jpg,Fixcef
P1039.jpg,Algin
P1411.jpg,Neso
P3021.jpg,Naprosin Plus
P1927.jpg,Zox
P1197.jpg,m-lucas 10
P1445.jpg,Cildip
P0314.jpg,Gestrenol
P5489.jpg,algin
P3037.jpg,D-cap
P2396.jpg,Tosou 50
P2515.jpg,Calcor-D
P5440.jpg,voltalin
P0693.jpg,Calbon
P0519.jpg,Raditil
P5016.jpg,apedra sr
P2469.jpg,Neuro 0.5mg
P3658.jpg,V-plex
P5458.jpg,clonapex
P0470.jpg,Itokine
P1042.jpg,Zymet
P1071.jpg,combicid
P3855.jpg,Injection
P0924.jpg,Folzin
P3098.jpg,Dexa
P0903.jpg,AC PR
P4634.jpg,nalbun 2
P1540.jpg,Syp. urisef
P1426.jpg,Tab. Normen
P2278.jpg,Ceevit
P1743.jpg,Moumcaze
P5526.jpg,voltalin
P3546.jpg,Cefuroximee
P4323.jpg,Tablet
P0876.jpg,Amitip
P3741.jpg,Nasal
P3566.jpg,Injection
P0202.jpg,Brezofil 200
P1660.jpg,Neuro-B
P3537.jpg,Emistat
P2534.jpg,Clonapex
P2243.jpg,Neuro-B
P3869.jpg,Sergel
P2827.jpg,Ceftron
P2011.jpg,Zovic Gold
P3116.jpg,Lumana plus
P1421.jpg,Xinc-B
P1317.jpg,Tab. Epitra
P2196.jpg,wfiCore
P1960.jpg,Detfacf
P1401.jpg,Voligel Max
P0619.jpg,DON A
P3457.jpg,Omeprazole
P2012.jpg,xyril
P1051.jpg,Dexter
P4923.jpg,xinc b
P2870.jpg,Algin
P3455.jpg,Omidon
P4837.jpg,Cefuroxime
P3648.jpg,Nifin SR
P3820.jpg,Napa
P3168.jpg,Metro
P2290.jpg,Nexum Mups
P3313.jpg,Rolac
P5050.jpg,texit
P2019.jpg,m-lucas
P0832.jpg,Folzin
P3969.jpg,Alcet
P3737.jpg,Iracet
P3200.jpg,Napa
P4549.jpg,anadol
P4930.jpg,ointment
P0169.jpg,prelics CR
P4014.jpg,Diet
P1003.jpg,Emazid
P4475.jpg,tab
P1312.jpg,Tab. Calboral
P3491.jpg,Omeprazole
P3553.jpg,Emistat
P3350.jpg,Napa
P3924.jpg,Roxadex
P2186.jpg,Defzacort 6
P0404.jpg,Fylox
P3369.jpg,Emistat
P2618.jpg,Napa
P3698.jpg,Fimoxyl
P5190.jpg,ornopain
P4680.jpg,xinc b
P2058.jpg,Nafro A plus
P0545.jpg,Seko
P0488.jpg,Nexpro
P1665.jpg,Filoter
P5153.jpg,texit
P5216.jpg,nexe
P1034.jpg,Xyril
P0875.jpg,Calboral
P2825.jpg,Angilock
P4563.jpg,nebulization
P2711.jpg,Omidon
P2747.jpg,Esmax
P1390.jpg,Tab. Esotid
P1882.jpg,Zymef-Pro
P4660.jpg,histacin
P2955.jpg,Fenix-V
P1243.jpg,m-lucas 10
P2166.jpg,Bilfastl
P0911.jpg,Esprazo
P5119.jpg,emixef
P2321.jpg,Microgest
P3611.jpg,Napa
P2074.jpg,Algin
P1424.jpg,Feursilal
P1956.jpg,Dexter
P0451.jpg,melpred
P0931.jpg,Calboral DX
P1458.jpg,Eslilex 5
P3766.jpg,Injection
P1157.jpg,Neumig
P0485.jpg,Ralee
P0380.jpg,Decoral
P4698.jpg,napa
P0752.jpg,Calboral
P0540.jpg,Nexe
P0628.jpg,Fenadin
P2823.jpg,Almex tab
P1380.jpg,mirata
P2833.jpg,Glysup
P2361.jpg,Rivotril
P3754.jpg,Capsule
P5048.jpg,rotalac
P0676.jpg,probio
P4211.jpg,Napa
P0439.jpg,Ambrox
P1553.jpg,Neurolin
P1824.jpg,Telfro max
P5219.jpg,emistat
P1947.jpg,Maxpro
P4575.jpg,emistat
P3709.jpg,Ursocol
P1984.jpg,vofifew qel
P2938.jpg,Neuro-B
P5160.jpg,ceevit
P1322.jpg,Tab. Etorx
P5306.jpg,ostocal
P3052.jpg,Flugat
P2340.jpg,Calcor-D
P0749.jpg,Zimax
P3354.jpg,Monas
P5320.jpg,nexe mups
P2108.jpg,Efodio
P2493.jpg,Neuro-B
P0537.jpg,Nexe
P0718.jpg,Dexter
P3732.jpg,Syrup
P2505.jpg,Esprazo
P1803.jpg,vildamef
P2869.jpg,Nexum
P2778.jpg,Napa Extra
P2270.jpg,X-ray C/S
P1586.jpg,Nexum
P2238.jpg,Neuro-B
P2190.jpg,Fexo
P1495.jpg,Calboral Dx
P3643.jpg,Tablet
P0381.jpg,Vonocab
P1888.jpg,Nexum
P1565.jpg,Rofuclav
P1337.jpg,Tab. Menoral
P2954.jpg,Calcor-D
P0659.jpg,Dexter
P5200.jpg,torax
P3392.jpg,Levothyroxine
P4333.jpg,Omeprazole
P0669.jpg,Dexter 60
P0845.jpg,Fungidal
P2000.jpg,Napa extra
P2722.jpg,Filmet
P0668.jpg,DON A
P5530.jpg,emep
P2510.jpg,Xyril
P2255.jpg,Zimax
P5042.jpg,nexe
P0330.jpg,Tuspel
P4319.jpg,Tablet
P0192.jpg,Limtab
P2273.jpg,Motigut
P3771.jpg,Drop
P0012.jpg,Lubilay
P2662.jpg,Lacto
P0457.jpg,Napa
P2673.jpg,Napa One
P4868.jpg,emistat
P3326.jpg,Voltalin
P5447.jpg,clonapex
P4598.jpg,syp
P3864.jpg,Napa
P3319.jpg,Emistat
P0807.jpg,epitra
P2684.jpg,Povital
P0171.jpg,Trilock 10
P0445.jpg,Brodil
P2025.jpg,maxrin
P2826.jpg,Cef-3
P4619.jpg,diet
P2155.jpg,Tryptin
P3402.jpg,Ambrox
P2023.jpg,Rosuva
P5412.jpg,cefaclav
P1236.jpg,roswva 5
P2610.jpg,Biocal-Dx
P5460.jpg,clavutil
P4136.jpg,Normal
P5538.jpg,ligazid
P1765.jpg,Torax
P2485.jpg,Doxicap
P1027.jpg,maxpro
P1527.jpg,Lubilox
P3682.jpg,CBC
P5256.jpg,nexe
P4540.jpg,inj
P2446.jpg,Spilac F
P4556.jpg,nacl
P4249.jpg,Tablet
P4086.jpg,Alrin
P1084.jpg,nabumet
P0660.jpg,Gefapix
P0215.jpg,Neuroxen
P0717.jpg,rosu
P0844.jpg,Rupa
P5519.jpg,axon
P0290.jpg,Voltalin
P4780.jpg,diet
P4510.jpg,linatab
P4440.jpg,Fexofenadinee
P4554.jpg,vitabion
P5010.jpg,xinc b
P0177.jpg,Itoklav 50
P2654.jpg,A-flux
P1182.jpg,Nufw
P3221.jpg,Fixal
P3305.jpg,Voltalin
P0987.jpg,Bilon
P3862.jpg,Avolac
P4155.jpg,Tablet
P3503.jpg,Omeprazole
P4298.jpg,Tablet
P2504.jpg,Conit-XR
P3219.jpg,Cefixime
P1596.jpg,Arth  
P0227.jpg,Clavutil
P0568.jpg,Dextac
P1217.jpg,nislofs
P0555.jpg,Seko
P2882.jpg,Naprox
P0583.jpg,Tajenta
P2288.jpg,Cinaron Plus
P4360.jpg,Feryx
P1865.jpg,Ravliflex
P2908.jpg,Algin
P3875.jpg,Tablet
P4996.jpg,diet
P4209.jpg,Normal
P1838.jpg,vigorex
P0490.jpg,kinate
P2818.jpg,Neuro-B
P2178.jpg,Clavutil
P2649.jpg,Moxigram
P4734.jpg,omep
P1898.jpg,Doxoven
P2840.jpg,Fenix-V
P0021.jpg,Napa
P5396.jpg,actilac
P3937.jpg,Omeprazole
P4077.jpg,Capsule
P3623.jpg,Iracet
P4534.jpg,diet
P0572.jpg,Xyflo
P1861.jpg,Dexter
P0351.jpg,Kinate
P4823.jpg,meropen
P5294.jpg,filmet
P3008.jpg,Anadol
P5502.jpg,finix
P4820.jpg,high
P2516.jpg,Calbo-D
P3204.jpg,Indever
P2713.jpg,Xamic
P3696.jpg,Metronidazole
P1353.jpg,Calboral D
P1920.jpg,Nufw
P1584.jpg,Neuroxen
P3435.jpg,Napa
P0644.jpg,DON A
P0410.jpg,Dexnaaf
P5064.jpg,exium
P3731.jpg,Syrup
P0661.jpg,Monas 10
P1569.jpg,lulrilax
P5212.jpg,algin
P5173.jpg,esmax
P1752.jpg,Cifaclav
P4599.jpg,magni
P2422.jpg,Filofer
P3746.jpg,Iracet
P0188.jpg,Coragen-D
P0476.jpg,Bilaxe
P2766.jpg,Microcef
P4089.jpg,Tablet
P2182.jpg,Pain at calf
P2145.jpg,Neruopex
P2807.jpg,Sekorin
P0678.jpg,denixil
P1616.jpg,Toramex 10
P4752.jpg,voltalin
P1630.jpg,Indever
P4800.jpg,histacin
P3870.jpg,Capsule
P3401.jpg,Emistat
P1178.jpg,Algin
P1100.jpg,mig
P2723.jpg,Napa
P2232.jpg,Neuro-B
P3169.jpg,Rolac
P5468.jpg,voltalin
P0353.jpg,Bilaxe
P5463.jpg,myolax
P3093.jpg,Nexum
P4764.jpg,vasco
P2104.jpg,vigorex
P4926.jpg,windel plus
P5436.jpg,ceevit
